SEASON,TEAM_ID,TEAM_NAME,GP,W,L,PTS,FGM,FGA,FG_PCT,FG3M,FG3A,FG3_PCT,FTM,FTA,TOV,OFF_RATING,DEF_RATING,NET_RATING,PACE,EFG_PCT,TS_PCT
2004-05,1610612737,Atlanta Hawks,82,13,69,92.7,35.9,81.4,0.441,3.7,11.9,0.312,17.3,24.3,16.1,98.8,109.0,-10.2,93.09,0.464,0.504
2004-05,1610612738,Boston Celtics,82,45,37,101.3,37.1,79.4,0.468,5.3,15.3,0.349,21.6,28.3,15.8,105.9,105.1,0.8,94.61,0.501,0.551
2004-05,1610612766,Charlotte Bobcats,82,18,64,94.3,36.1,83.6,0.432,3.9,10.7,0.363,18.1,25.6,14.5,99.8,106.0,-6.2,93.54,0.455,0.497
2004-05,1610612741,Chicago Bulls,82,47,35,94.5,34.7,80.4,0.432,6.2,17.5,0.357,18.7,25.0,16.7,100.5,99.1,1.4,93.41,0.471,0.517
2004-05,1610612739,Cleveland Cavaliers,82,42,40,96.5,36.5,81.5,0.447,3.7,11.0,0.332,19.9,26.5,13.9,105.3,104.7,0.6,90.72,0.47,0.518
2004-05,1610612742,Dallas Mavericks,82,58,24,102.5,37.3,81.6,0.457,5.6,15.5,0.364,22.3,28.2,13.4,108.5,102.6,5.9,94.18,0.492,0.545
2004-05,1610612743,Denver Nuggets,82,49,33,99.5,37.0,80.7,0.459,3.9,11.5,0.34,21.5,28.2,14.9,104.7,102.6,2.2,94.68,0.483,0.535
2004-05,1610612765,Detroit Pistons,82,54,28,93.3,34.8,78.3,0.444,4.4,12.8,0.345,19.4,26.2,13.8,103.9,99.6,4.3,88.59,0.472,0.519
2004-05,1610612744,Golden State Warriors,82,34,48,98.7,36.9,85.8,0.43,7.6,21.6,0.352,17.2,23.8,13.6,103.4,105.5,-2.2,94.45,0.475,0.512
2004-05,1610612745,Houston Rockets,82,51,31,95.1,34.7,78.3,0.443,6.7,18.5,0.364,18.9,24.2,13.8,104.4,100.1,4.3,90.18,0.486,0.534
2004-05,1610612754,Indiana Pacers,82,44,38,93.0,32.5,75.2,0.432,6.6,19.2,0.344,21.3,26.9,14.3,103.7,102.7,1.0,88.71,0.476,0.534
2004-05,1610612746,Los Angeles Clippers,82,37,45,95.7,35.7,77.7,0.459,2.8,8.2,0.345,21.6,27.7,15.7,103.8,104.5,-0.8,90.66,0.477,0.533
2004-05,1610612747,Los Angeles Lakers,82,34,48,98.7,35.3,80.8,0.437,7.9,22.1,0.355,20.3,26.1,14.3,106.4,109.6,-3.2,92.34,0.485,0.535
2004-05,1610612763,Memphis Grizzlies,82,45,37,93.4,34.2,76.5,0.447,6.5,18.1,0.357,18.6,24.7,14.6,104.2,101.5,2.7,89.65,0.489,0.535
2004-05,1610612748,Miami Heat,82,59,23,101.5,37.8,77.7,0.486,5.8,15.4,0.377,20.2,30.1,13.7,108.9,102.2,6.7,91.73,0.524,0.559
2004-05,1610612749,Milwaukee Bucks,82,30,52,97.2,36.1,80.2,0.45,4.0,11.3,0.351,21.0,27.2,13.8,105.1,108.1,-3.0,92.14,0.475,0.527
2004-05,1610612750,Minnesota Timberwolves,82,44,38,96.8,37.1,80.8,0.459,4.8,14.0,0.345,17.7,22.2,13.2,106.6,105.0,1.6,90.39,0.489,0.534
2004-05,1610612751,New Jersey Nets,82,42,40,91.4,33.6,78.3,0.429,5.3,14.7,0.362,19.0,24.9,14.2,99.9,101.6,-1.7,90.41,0.463,0.512
2004-05,1610612740,New Orleans Hornets,82,18,64,88.4,33.1,80.0,0.415,5.1,16.0,0.315,17.1,22.3,14.8,98.2,105.9,-7.7,88.97,0.446,0.493
2004-05,1610612752,New York Knicks,82,33,49,97.3,36.3,80.5,0.451,5.4,15.1,0.356,19.3,25.1,14.7,104.5,107.2,-2.7,92.12,0.485,0.531
2004-05,1610612753,Orlando Magic,82,36,46,99.5,37.0,81.5,0.454,3.9,11.2,0.349,21.6,28.5,16.1,103.4,105.7,-2.3,96.15,0.478,0.529
2004-05,1610612755,Philadelphia 76ers,82,43,39,99.1,35.9,82.1,0.437,6.2,17.7,0.348,21.1,26.8,15.5,101.8,102.5,-0.7,96.56,0.475,0.528
2004-05,1610612756,Phoenix Suns,82,62,20,110.4,40.9,85.6,0.477,9.7,24.7,0.393,19.0,25.4,13.7,112.7,105.7,7.0,97.35,0.534,0.571
2004-05,1610612757,Portland Trail Blazers,82,27,55,92.9,35.3,78.3,0.451,5.1,14.2,0.362,17.2,23.7,16.0,101.9,106.1,-4.3,91.05,0.484,0.524
2004-05,1610612758,Sacramento Kings,82,50,32,103.7,39.1,85.1,0.459,6.4,17.0,0.374,19.2,24.4,13.1,108.8,106.5,2.3,94.52,0.496,0.541
2004-05,1610612759,San Antonio Spurs,82,59,23,96.2,35.6,78.7,0.453,6.2,17.0,0.363,18.7,25.9,13.7,106.1,97.8,8.3,89.96,0.492,0.534
2004-05,1610612760,Seattle SuperSonics,82,52,30,98.9,35.1,79.2,0.444,8.1,22.2,0.365,20.5,26.0,13.6,110.3,108.0,2.3,89.24,0.495,0.546
2004-05,1610612761,Toronto Raptors,82,33,49,99.7,36.0,81.2,0.444,7.9,20.5,0.385,19.8,25.6,13.3,105.4,107.2,-1.8,94.01,0.492,0.539
2004-05,1610612762,Utah Jazz,82,26,56,93.0,34.5,76.8,0.449,3.0,9.3,0.328,21.0,27.7,15.8,102.9,107.3,-4.4,90.02,0.469,0.522
2004-05,1610612764,Washington Wizards,82,45,37,100.5,36.2,82.9,0.437,6.3,18.3,0.343,21.9,30.2,14.3,105.4,105.9,-0.4,94.8,0.474,0.523
2005-06,1610612737,Atlanta Hawks,82,26,56,97.2,35.9,79.2,0.454,5.2,14.1,0.367,20.2,26.9,15.7,104.8,110.1,-5.3,91.75,0.486,0.534
2005-06,1610612738,Boston Celtics,82,33,49,98.0,36.0,77.1,0.467,5.7,15.7,0.362,20.3,26.9,16.6,104.0,105.6,-1.5,93.27,0.504,0.551
2005-06,1610612766,Charlotte Bobcats,82,26,56,96.9,36.1,83.5,0.433,5.2,15.4,0.339,19.4,26.7,14.2,101.2,105.6,-4.4,94.57,0.464,0.509
2005-06,1610612741,Chicago Bulls,82,41,41,97.8,36.6,82.2,0.446,6.8,18.0,0.379,17.7,24.0,14.9,103.3,102.7,0.7,93.59,0.487,0.527
2005-06,1610612739,Cleveland Cavaliers,82,50,32,97.6,35.5,78.2,0.454,6.1,17.9,0.339,20.6,28.3,13.9,106.6,104.4,2.1,90.77,0.492,0.538
2005-06,1610612742,Dallas Mavericks,82,60,22,99.1,36.0,77.7,0.462,5.1,13.6,0.374,22.2,28.3,13.6,109.9,103.2,6.7,89.3,0.495,0.55
2005-06,1610612743,Denver Nuggets,82,44,38,100.3,37.5,81.4,0.461,4.3,13.1,0.325,21.0,28.2,14.8,104.4,104.1,0.3,94.9,0.488,0.535
2005-06,1610612765,Detroit Pistons,82,64,18,96.8,36.4,80.0,0.455,6.8,17.7,0.384,17.3,23.8,11.4,109.3,101.7,7.6,87.98,0.497,0.535
2005-06,1610612744,Golden State Warriors,82,34,48,98.5,35.8,82.7,0.433,7.6,22.3,0.341,19.2,26.7,14.1,103.5,104.9,-1.4,94.43,0.479,0.521
2005-06,1610612745,Houston Rockets,82,34,48,90.1,33.0,76.2,0.433,5.7,17.2,0.332,18.3,24.1,14.5,100.4,102.1,-1.7,89.07,0.471,0.519
2005-06,1610612754,Indiana Pacers,82,41,41,93.9,34.0,76.5,0.444,6.5,18.7,0.349,19.4,26.3,15.3,103.1,101.0,2.0,90.85,0.487,0.533
2005-06,1610612746,Los Angeles Clippers,82,47,35,97.2,36.5,78.6,0.465,3.5,10.3,0.344,20.7,26.1,14.5,103.8,102.2,1.6,92.99,0.487,0.54
2005-06,1610612747,Los Angeles Lakers,82,45,37,99.4,36.5,80.6,0.453,6.7,19.3,0.349,19.7,26.5,13.9,106.8,104.2,2.6,92.22,0.495,0.539
2005-06,1610612763,Memphis Grizzlies,82,49,33,92.2,33.5,74.7,0.448,7.2,19.2,0.374,18.0,25.3,13.8,104.5,100.4,4.1,87.39,0.496,0.537
2005-06,1610612748,Miami Heat,82,52,30,99.9,37.1,77.5,0.478,6.1,17.6,0.345,19.7,28.2,14.5,107.5,103.4,4.1,92.56,0.517,0.556
2005-06,1610612749,Milwaukee Bucks,82,40,42,97.8,36.3,80.1,0.453,6.2,16.3,0.38,19.0,25.8,14.6,104.9,105.9,-1.0,92.45,0.492,0.535
2005-06,1610612750,Minnesota Timberwolves,82,33,49,91.7,35.2,77.3,0.456,3.8,11.5,0.329,17.5,23.1,14.5,101.5,103.5,-2.0,89.58,0.48,0.524
2005-06,1610612751,New Jersey Nets,82,49,33,93.8,33.9,77.0,0.44,5.8,17.6,0.33,20.2,26.7,13.6,102.4,100.9,1.5,91.17,0.478,0.528
2005-06,1610612740,New Orleans/Oklahoma City Hornets,82,38,44,92.8,34.5,78.4,0.44,3.7,10.8,0.339,20.1,26.5,13.4,102.3,105.1,-2.8,90.32,0.464,0.515
2005-06,1610612752,New York Knicks,82,23,59,95.6,34.4,75.7,0.455,3.9,10.8,0.362,22.9,31.5,17.7,102.7,109.3,-6.6,92.03,0.481,0.534
2005-06,1610612753,Orlando Magic,82,36,46,94.9,35.5,75.2,0.472,3.6,9.7,0.376,20.3,27.8,15.1,105.3,106.6,-1.3,89.12,0.496,0.543
2005-06,1610612755,Philadelphia 76ers,82,38,44,99.4,36.6,79.8,0.458,4.6,12.6,0.364,21.6,28.4,14.1,104.7,106.5,-1.8,93.91,0.487,0.538
2005-06,1610612756,Phoenix Suns,82,54,28,108.4,41.8,87.4,0.479,10.2,25.6,0.399,14.5,18.0,13.3,110.2,104.7,5.4,96.92,0.537,0.568
2005-06,1610612757,Portland Trail Blazers,82,21,61,88.8,34.0,76.4,0.445,4.4,12.7,0.349,16.3,23.7,14.7,99.7,110.3,-10.7,88.88,0.474,0.511
2005-06,1610612758,Sacramento Kings,82,44,38,98.9,36.0,79.3,0.454,6.0,17.2,0.351,20.8,26.5,14.6,105.3,103.5,1.8,93.26,0.492,0.544
2005-06,1610612759,San Antonio Spurs,82,63,19,95.6,36.5,77.3,0.472,6.4,16.6,0.385,16.2,23.1,13.7,106.2,98.7,7.5,89.41,0.513,0.546
2005-06,1610612760,Seattle SuperSonics,82,35,47,102.6,37.5,81.8,0.459,7.4,19.9,0.371,20.1,25.7,14.7,109.4,112.7,-3.3,93.04,0.504,0.551
2005-06,1610612761,Toronto Raptors,82,27,55,101.1,36.7,81.0,0.454,7.4,19.8,0.375,20.2,25.5,13.1,107.9,111.2,-3.2,92.33,0.5,0.548
2005-06,1610612762,Utah Jazz,82,41,41,92.4,33.5,75.7,0.442,3.8,11.3,0.336,21.6,30.1,15.7,102.4,105.1,-2.7,89.4,0.467,0.519
2005-06,1610612764,Washington Wizards,82,42,40,101.7,36.3,81.2,0.447,6.1,17.0,0.357,23.0,30.4,13.9,107.7,105.8,1.9,93.68,0.484,0.538
2006-07,1610612737,Atlanta Hawks,82,30,52,93.7,34.5,77.7,0.444,4.2,12.7,0.329,20.5,26.9,15.9,102.0,107.0,-5.1,90.98,0.471,0.523
2006-07,1610612738,Boston Celtics,82,24,58,95.8,34.9,78.7,0.443,5.7,15.6,0.367,20.4,26.6,16.5,102.3,105.8,-3.5,92.91,0.479,0.53
2006-07,1610612766,Charlotte Bobcats,82,33,49,96.9,36.1,81.0,0.446,5.6,15.6,0.357,19.1,26.0,14.9,102.4,106.3,-3.9,93.11,0.48,0.524
2006-07,1610612741,Chicago Bulls,82,49,33,98.8,37.1,81.3,0.457,5.9,15.1,0.388,18.6,25.4,16.0,104.0,98.8,5.2,94.47,0.493,0.534
2006-07,1610612739,Cleveland Cavaliers,82,50,32,96.8,36.3,81.2,0.447,6.0,17.1,0.352,18.1,26.0,14.4,104.4,100.6,3.8,91.59,0.484,0.522
2006-07,1610612742,Dallas Mavericks,82,67,15,100.0,36.7,78.6,0.467,6.5,17.1,0.381,20.1,24.9,13.9,109.7,102.1,7.6,90.68,0.509,0.559
2006-07,1610612743,Denver Nuggets,82,45,37,105.4,38.6,83.0,0.465,5.9,17.6,0.336,22.3,29.9,16.5,106.7,105.1,1.7,98.2,0.501,0.548
2006-07,1610612765,Detroit Pistons,82,53,29,96.0,35.9,79.1,0.454,5.5,15.9,0.344,18.8,24.2,12.2,107.4,102.6,4.8,88.56,0.488,0.535
2006-07,1610612744,Golden State Warriors,82,42,40,106.5,39.8,86.0,0.463,8.5,24.0,0.356,18.5,25.8,16.0,106.2,106.5,-0.3,99.97,0.512,0.548
2006-07,1610612745,Houston Rockets,82,52,30,97.0,35.4,79.6,0.445,8.6,23.1,0.372,17.5,23.2,14.2,104.7,99.7,4.9,91.7,0.499,0.54
2006-07,1610612754,Indiana Pacers,82,35,47,95.6,35.0,80.0,0.438,5.9,16.9,0.346,19.7,25.9,16.3,101.9,104.4,-2.5,93.43,0.474,0.523
2006-07,1610612746,Los Angeles Clippers,82,40,42,95.6,35.1,77.0,0.456,3.8,11.0,0.348,21.6,27.4,15.1,103.8,104.2,-0.4,91.92,0.481,0.537
2006-07,1610612747,Los Angeles Lakers,82,42,40,103.3,37.8,81.3,0.466,7.4,21.0,0.353,20.2,27.1,15.5,107.3,107.5,-0.2,94.58,0.511,0.554
2006-07,1610612763,Memphis Grizzlies,82,22,60,101.6,36.6,78.6,0.465,6.1,16.6,0.367,22.4,29.4,16.4,105.7,110.9,-5.2,94.77,0.504,0.555
2006-07,1610612748,Miami Heat,82,44,38,94.6,35.6,76.7,0.464,6.4,18.8,0.343,17.0,24.6,14.6,103.4,104.6,-1.2,90.61,0.506,0.541
2006-07,1610612749,Milwaukee Bucks,82,28,54,99.7,38.1,81.9,0.465,6.4,18.0,0.356,17.1,23.4,15.1,106.0,110.3,-4.3,93.33,0.504,0.541
2006-07,1610612750,Minnesota Timberwolves,82,32,50,96.1,36.5,79.3,0.461,4.7,13.3,0.353,18.3,23.1,15.6,102.4,106.5,-4.0,92.19,0.49,0.537
2006-07,1610612751,New Jersey Nets,82,41,41,97.6,35.5,77.8,0.457,7.4,20.4,0.363,19.1,26.3,14.8,104.2,105.1,-0.9,92.69,0.504,0.546
2006-07,1610612740,New Orleans/Oklahoma City Hornets,82,39,43,95.5,36.2,81.4,0.445,5.5,15.3,0.362,17.5,23.7,14.5,103.7,105.4,-1.6,91.19,0.479,0.52
2006-07,1610612752,New York Knicks,82,33,49,97.5,35.4,77.5,0.457,5.8,16.7,0.346,20.9,29.2,17.1,104.3,107.4,-3.1,91.89,0.494,0.539
2006-07,1610612753,Orlando Magic,82,40,42,94.8,35.1,74.3,0.472,4.2,11.7,0.356,20.5,29.2,17.0,104.1,103.3,0.8,90.54,0.5,0.544
2006-07,1610612755,Philadelphia 76ers,82,35,47,94.9,35.8,78.1,0.458,3.5,10.0,0.345,20.0,26.0,15.3,102.4,105.6,-3.2,91.84,0.48,0.53
2006-07,1610612756,Phoenix Suns,82,61,21,110.2,41.3,83.6,0.494,9.6,24.0,0.399,18.0,22.3,14.5,112.9,105.5,7.4,96.45,0.551,0.59
2006-07,1610612757,Portland Trail Blazers,82,32,50,94.1,35.0,78.0,0.45,5.2,15.0,0.346,18.8,24.5,15.1,103.8,108.6,-4.8,89.36,0.483,0.53
2006-07,1610612758,Sacramento Kings,82,33,49,101.3,35.9,79.7,0.45,6.5,18.5,0.35,23.1,30.2,14.6,105.1,106.7,-1.6,95.83,0.491,0.545
2006-07,1610612759,San Antonio Spurs,82,58,24,98.5,36.6,77.2,0.474,7.3,19.0,0.381,18.1,24.1,13.9,108.6,99.4,9.2,90.22,0.521,0.561
2006-07,1610612760,Seattle SuperSonics,82,31,51,99.1,37.2,80.8,0.46,6.4,17.7,0.362,18.4,23.3,15.5,105.9,108.9,-3.0,92.92,0.499,0.544
2006-07,1610612761,Toronto Raptors,82,47,35,99.5,37.0,79.8,0.463,6.5,17.9,0.363,19.0,24.2,13.5,105.7,104.4,1.2,93.86,0.504,0.55
2006-07,1610612762,Utah Jazz,82,51,31,101.5,37.4,78.9,0.474,4.3,12.9,0.335,22.3,30.0,15.6,108.6,105.6,3.0,92.81,0.502,0.551
2006-07,1610612764,Washington Wizards,82,41,41,104.3,37.4,83.2,0.45,6.8,19.7,0.348,22.6,29.6,13.8,108.7,109.1,-0.4,95.33,0.491,0.542
2007-08,1610612737,Atlanta Hawks,82,37,45,98.2,36.3,79.9,0.454,4.7,13.1,0.356,21.0,27.2,14.9,105.5,107.3,-1.8,92.35,0.483,0.535
2007-08,1610612738,Boston Celtics,82,66,16,100.5,36.4,76.7,0.475,7.3,19.1,0.381,20.5,26.5,15.2,108.8,98.1,10.8,91.88,0.522,0.569
2007-08,1610612766,Charlotte Bobcats,82,32,50,97.1,36.1,79.9,0.452,6.5,17.6,0.367,18.4,25.8,14.7,103.7,108.2,-4.5,92.75,0.492,0.532
2007-08,1610612741,Chicago Bulls,82,33,49,97.3,36.4,83.7,0.435,5.8,15.9,0.363,18.7,24.7,14.6,102.9,106.0,-3.1,94.04,0.47,0.515
2007-08,1610612739,Cleveland Cavaliers,82,45,37,96.4,35.8,81.7,0.439,6.7,18.8,0.358,18.0,25.1,14.0,104.8,105.4,-0.6,91.06,0.48,0.52
2007-08,1610612742,Dallas Mavericks,82,51,31,100.4,36.9,79.5,0.464,6.0,17.1,0.352,20.6,25.3,12.6,109.5,104.7,4.8,91.38,0.502,0.554
2007-08,1610612743,Denver Nuggets,82,50,32,110.7,40.3,85.8,0.47,6.9,19.6,0.355,23.1,30.7,14.7,108.9,105.5,3.4,100.58,0.51,0.557
2007-08,1610612765,Detroit Pistons,82,59,23,97.5,36.6,79.9,0.458,5.9,16.2,0.366,18.4,24.0,11.7,109.8,101.5,8.3,88.54,0.495,0.539
2007-08,1610612744,Golden State Warriors,82,48,34,111.0,41.5,90.3,0.459,9.3,26.6,0.348,18.8,24.9,13.2,110.4,108.5,1.9,99.96,0.511,0.548
2007-08,1610612745,Houston Rockets,82,55,27,96.7,36.6,81.7,0.448,7.1,20.8,0.342,16.4,22.5,13.7,105.4,100.5,4.8,91.42,0.492,0.528
2007-08,1610612754,Indiana Pacers,82,36,46,104.0,37.8,85.3,0.444,9.2,24.6,0.374,19.1,24.9,15.1,105.1,106.3,-1.2,98.64,0.498,0.54
2007-08,1610612746,Los Angeles Clippers,82,23,59,93.8,34.4,78.6,0.438,4.3,13.2,0.324,20.8,26.6,14.4,99.9,107.4,-7.5,93.38,0.465,0.519
2007-08,1610612747,Los Angeles Lakers,82,57,25,108.6,39.6,83.1,0.476,8.1,21.4,0.378,21.3,27.7,14.1,111.7,104.3,7.3,96.7,0.525,0.57
2007-08,1610612763,Memphis Grizzlies,82,22,60,100.7,37.3,82.2,0.454,7.6,21.7,0.349,18.5,25.6,15.3,103.9,110.2,-6.3,96.33,0.5,0.539
2007-08,1610612748,Miami Heat,82,15,67,91.4,34.2,77.3,0.443,6.0,16.7,0.358,16.9,23.2,14.7,99.4,108.8,-9.4,91.24,0.482,0.522
2007-08,1610612749,Milwaukee Bucks,82,26,56,97.0,36.9,82.3,0.449,5.5,16.0,0.344,17.7,24.1,14.8,103.9,111.1,-7.2,92.61,0.482,0.522
2007-08,1610612750,Minnesota Timberwolves,82,22,60,95.6,37.5,83.1,0.451,5.4,15.4,0.35,15.2,20.6,14.5,102.7,110.0,-7.3,92.84,0.484,0.518
2007-08,1610612751,New Jersey Nets,82,34,48,95.8,34.8,78.7,0.443,6.1,17.4,0.348,20.1,27.3,15.0,102.3,107.7,-5.4,92.96,0.481,0.528
2007-08,1610612740,New Orleans Hornets,82,56,26,100.9,38.6,82.9,0.466,7.7,19.8,0.389,16.0,20.8,11.9,110.0,104.4,5.6,91.04,0.512,0.548
2007-08,1610612752,New York Knicks,82,23,59,96.9,36.2,82.4,0.439,6.0,17.7,0.337,18.6,25.5,14.5,103.5,110.4,-6.8,92.76,0.475,0.518
2007-08,1610612753,Orlando Magic,82,52,30,104.5,37.3,78.6,0.474,9.8,25.3,0.386,20.1,27.9,14.3,110.4,104.9,5.6,94.02,0.537,0.575
2007-08,1610612755,Philadelphia 76ers,82,40,42,96.6,37.3,81.1,0.46,3.7,11.6,0.317,18.4,26.1,14.3,105.1,104.7,0.5,91.56,0.482,0.522
2007-08,1610612756,Phoenix Suns,82,55,27,110.1,41.4,82.7,0.5,8.5,21.5,0.393,18.9,24.1,14.4,112.0,107.0,5.0,97.72,0.551,0.59
2007-08,1610612757,Portland Trail Blazers,82,41,41,95.4,35.8,79.8,0.448,6.6,17.4,0.377,17.2,22.5,12.9,105.9,106.8,-0.8,89.1,0.489,0.532
2007-08,1610612758,Sacramento Kings,82,38,44,102.5,37.1,80.0,0.464,6.2,16.7,0.373,22.1,27.7,16.1,106.2,108.6,-2.4,95.81,0.503,0.556
2007-08,1610612759,San Antonio Spurs,82,56,26,95.4,35.8,78.3,0.457,7.2,19.6,0.369,16.5,21.6,12.6,106.0,100.7,5.3,89.72,0.504,0.543
2007-08,1610612760,Seattle SuperSonics,82,20,62,97.5,38.1,85.8,0.444,3.8,11.5,0.333,17.5,22.8,16.0,99.6,108.3,-8.6,97.32,0.467,0.509
2007-08,1610612761,Toronto Raptors,82,41,41,100.2,38.4,82.0,0.468,7.0,17.8,0.392,16.4,20.2,11.7,108.9,105.6,3.3,91.35,0.511,0.551
2007-08,1610612762,Utah Jazz,82,54,28,106.2,40.0,80.4,0.497,5.0,13.4,0.372,21.3,28.0,14.6,112.1,104.9,7.2,94.64,0.528,0.573
2007-08,1610612764,Washington Wizards,82,43,39,98.8,36.4,81.6,0.446,7.0,19.7,0.356,19.0,24.3,13.2,107.6,107.9,-0.3,90.85,0.489,0.535
2008-09,1610612737,Atlanta Hawks,82,47,35,98.1,36.0,78.7,0.458,7.3,19.9,0.366,18.7,25.4,12.8,108.3,106.7,1.7,90.44,0.504,0.546
2008-09,1610612738,Boston Celtics,82,62,20,100.9,37.5,77.2,0.486,6.6,16.5,0.397,19.4,25.3,15.6,109.5,101.6,7.9,91.15,0.528,0.571
2008-09,1610612766,Charlotte Bobcats,82,35,47,93.6,35.0,76.8,0.455,6.0,16.3,0.366,17.7,24.0,15.6,103.7,105.0,-1.3,89.18,0.494,0.536
2008-09,1610612741,Chicago Bulls,82,41,41,102.2,38.1,83.5,0.457,6.0,15.8,0.381,19.9,25.0,14.5,107.2,107.5,-0.3,94.1,0.493,0.541
2008-09,1610612739,Cleveland Cavaliers,82,66,16,100.3,36.9,78.7,0.468,8.0,20.4,0.393,18.6,24.5,12.7,111.2,101.6,9.6,89.61,0.519,0.56
2008-09,1610612742,Dallas Mavericks,82,50,32,101.7,38.1,82.6,0.462,7.0,19.9,0.35,18.5,22.6,12.7,109.0,107.0,2.0,92.68,0.504,0.55
2008-09,1610612743,Denver Nuggets,82,54,28,104.3,37.3,79.4,0.47,6.7,18.0,0.371,23.1,30.3,15.3,109.0,105.6,3.4,95.39,0.512,0.563
2008-09,1610612765,Detroit Pistons,82,39,43,94.2,36.4,80.0,0.454,4.6,13.2,0.349,16.9,22.5,11.9,105.8,106.4,-0.6,88.02,0.483,0.524
2008-09,1610612744,Golden State Warriors,82,29,53,108.6,39.4,86.0,0.458,6.7,18.0,0.373,23.1,29.2,14.6,108.0,111.7,-3.7,99.57,0.497,0.549
2008-09,1610612745,Houston Rockets,82,53,29,98.4,36.1,79.6,0.453,7.6,20.2,0.375,18.7,23.2,14.1,107.1,102.9,4.2,91.23,0.501,0.548
2008-09,1610612754,Indiana Pacers,82,36,46,105.1,39.3,86.3,0.455,8.0,21.0,0.378,18.6,23.0,14.5,107.2,108.2,-1.0,97.34,0.501,0.545
2008-09,1610612746,Los Angeles Clippers,82,19,63,95.1,36.0,81.7,0.441,6.5,18.5,0.354,16.5,22.4,14.9,101.0,110.1,-9.2,93.3,0.481,0.52
2008-09,1610612747,Los Angeles Lakers,82,65,17,106.9,40.3,85.1,0.474,6.7,18.5,0.361,19.6,25.5,13.5,111.4,103.5,7.9,95.49,0.513,0.555
2008-09,1610612763,Memphis Grizzlies,82,24,58,93.9,34.9,77.0,0.454,4.9,13.5,0.36,19.1,25.3,15.3,102.3,108.2,-6.0,91.22,0.486,0.533
2008-09,1610612748,Miami Heat,82,43,39,98.3,37.0,81.0,0.457,7.1,19.9,0.357,17.2,22.8,12.5,106.8,106.5,0.3,90.8,0.5,0.54
2008-09,1610612749,Milwaukee Bucks,82,34,48,99.3,36.7,82.4,0.445,6.2,17.2,0.363,19.7,25.2,14.1,105.2,106.3,-1.1,93.89,0.483,0.531
2008-09,1610612750,Minnesota Timberwolves,82,24,58,97.8,36.4,82.5,0.441,6.6,18.8,0.353,18.3,23.9,14.2,104.9,109.9,-5.0,92.76,0.481,0.526
2008-09,1610612751,New Jersey Nets,82,34,48,98.1,35.7,79.7,0.448,8.0,21.2,0.376,18.8,24.1,13.1,106.8,109.5,-2.7,91.12,0.497,0.543
2008-09,1610612740,New Orleans Hornets,82,49,33,95.8,35.5,77.6,0.457,6.8,18.6,0.364,18.0,22.4,12.5,107.6,105.8,1.8,88.74,0.501,0.548
2008-09,1610612752,New York Knicks,82,32,50,105.2,38.5,86.5,0.445,10.0,27.9,0.36,18.2,23.2,14.3,107.0,109.4,-2.5,97.82,0.503,0.544
2008-09,1610612760,Oklahoma City Thunder,82,23,59,97.0,36.6,81.9,0.447,4.0,11.6,0.346,19.8,25.2,16.2,101.4,107.6,-6.2,95.1,0.471,0.521
2008-09,1610612753,Orlando Magic,82,59,23,101.0,35.7,78.2,0.457,10.0,26.2,0.381,19.6,27.5,13.9,108.3,101.3,7.1,92.99,0.52,0.559
2008-09,1610612755,Philadelphia 76ers,82,41,41,97.4,36.5,79.7,0.459,4.2,13.1,0.318,20.1,27.0,14.1,106.3,106.1,0.2,91.3,0.485,0.532
2008-09,1610612756,Phoenix Suns,82,46,36,109.4,41.1,81.6,0.504,6.7,17.6,0.383,20.4,27.5,15.7,112.4,110.4,2.0,96.99,0.545,0.584
2008-09,1610612757,Portland Trail Blazers,82,54,28,99.4,36.8,79.2,0.465,7.3,19.0,0.383,18.5,24.2,12.9,112.1,106.1,6.0,88.02,0.511,0.553
2008-09,1610612758,Sacramento Kings,82,17,65,100.6,36.5,81.5,0.447,7.1,19.4,0.368,20.5,25.7,15.4,104.4,113.4,-9.0,95.29,0.491,0.542
2008-09,1610612759,San Antonio Spurs,82,54,28,97.0,37.1,79.7,0.466,7.6,19.8,0.386,15.2,20.0,11.7,107.6,103.4,4.2,89.19,0.513,0.548
2008-09,1610612761,Toronto Raptors,82,33,49,99.0,37.2,81.4,0.458,5.8,15.7,0.372,18.7,22.7,13.4,105.5,108.6,-3.0,93.26,0.494,0.542
2008-09,1610612762,Utah Jazz,82,48,34,103.6,38.3,80.8,0.475,4.8,13.7,0.349,22.1,28.7,14.8,108.5,105.8,2.7,94.47,0.504,0.554
2008-09,1610612764,Washington Wizards,82,19,63,96.1,36.5,81.2,0.45,4.8,14.6,0.33,18.2,23.8,14.0,104.0,112.1,-8.1,92.26,0.48,0.524
2009-10,1610612737,Atlanta Hawks,82,53,29,101.7,38.8,82.9,0.468,6.4,17.7,0.36,17.7,23.3,12.0,111.0,106.0,4.9,90.77,0.506,0.545
2009-10,1610612738,Boston Celtics,82,50,32,99.2,37.1,76.8,0.483,6.1,17.5,0.348,19.0,25.5,14.9,106.9,103.2,3.7,92.22,0.522,0.564
2009-10,1610612766,Charlotte Bobcats,82,44,38,95.3,34.9,76.9,0.453,5.6,16.2,0.346,20.0,26.6,15.7,103.9,102.0,1.9,90.91,0.49,0.538
2009-10,1610612741,Chicago Bulls,82,41,41,97.5,37.6,83.2,0.451,4.3,13.0,0.33,18.0,23.9,14.3,102.6,104.2,-1.6,94.02,0.477,0.52
2009-10,1610612739,Cleveland Cavaliers,82,61,21,102.1,37.8,77.9,0.485,7.3,19.3,0.381,19.1,26.6,13.9,110.6,103.8,6.8,91.77,0.532,0.57
2009-10,1610612742,Dallas Mavericks,82,55,27,102.0,38.3,82.4,0.464,6.8,18.3,0.372,18.6,22.8,12.9,107.8,105.0,2.8,93.6,0.506,0.552
2009-10,1610612743,Denver Nuggets,82,53,29,106.5,38.1,81.4,0.468,6.6,18.5,0.359,23.6,30.6,13.9,110.8,106.5,4.4,95.61,0.509,0.561
2009-10,1610612765,Detroit Pistons,82,27,55,94.0,35.9,80.5,0.445,4.6,14.5,0.314,17.7,24.4,13.4,104.5,110.3,-5.9,89.46,0.474,0.515
2009-10,1610612744,Golden State Warriors,82,26,56,108.8,40.6,86.5,0.469,7.7,20.6,0.375,19.9,25.4,14.7,107.0,110.3,-3.3,101.52,0.514,0.557
2009-10,1610612745,Houston Rockets,82,42,40,102.4,37.7,84.4,0.447,7.9,22.4,0.351,19.0,24.7,14.5,106.8,106.8,0.0,94.91,0.494,0.537
2009-10,1610612754,Indiana Pacers,82,32,50,100.8,36.8,83.2,0.443,8.0,23.1,0.348,19.1,24.6,15.0,103.0,106.0,-3.0,97.77,0.491,0.536
2009-10,1610612746,Los Angeles Clippers,82,29,53,95.7,36.6,80.5,0.455,5.9,17.8,0.332,16.6,22.8,15.7,102.3,109.1,-6.8,93.44,0.491,0.529
2009-10,1610612747,Los Angeles Lakers,82,57,25,101.7,38.3,83.8,0.457,6.5,19.0,0.341,18.5,24.2,13.4,107.6,102.7,4.9,93.73,0.496,0.538
2009-10,1610612763,Memphis Grizzlies,82,40,42,102.5,39.3,83.8,0.469,4.2,12.4,0.337,19.7,26.9,15.2,107.5,109.0,-1.5,94.29,0.494,0.536
2009-10,1610612748,Miami Heat,82,47,35,96.5,36.4,79.5,0.458,6.0,17.4,0.346,17.7,23.5,13.2,105.7,103.4,2.4,90.3,0.496,0.537
2009-10,1610612749,Milwaukee Bucks,82,46,36,97.7,37.2,85.3,0.436,7.9,22.1,0.356,15.4,20.4,13.2,104.0,101.9,2.1,92.6,0.482,0.518
2009-10,1610612750,Minnesota Timberwolves,82,15,67,98.2,37.9,84.4,0.449,4.9,14.4,0.341,17.5,23.5,16.3,100.6,110.4,-9.8,97.12,0.478,0.518
2009-10,1610612751,New Jersey Nets,82,12,70,92.4,34.3,79.9,0.429,4.6,14.5,0.318,19.2,24.6,14.4,99.3,108.9,-9.6,92.65,0.458,0.509
2009-10,1610612740,New Orleans Hornets,82,37,45,100.2,38.8,83.4,0.464,7.0,19.2,0.363,15.8,20.3,13.5,106.5,108.9,-2.4,93.53,0.506,0.543
2009-10,1610612752,New York Knicks,82,29,53,102.1,38.1,83.9,0.455,9.1,26.2,0.346,16.8,21.5,14.0,106.4,110.3,-4.0,95.03,0.509,0.547
2009-10,1610612760,Oklahoma City Thunder,82,50,32,101.5,37.4,80.8,0.462,5.1,15.0,0.34,21.7,27.0,15.0,107.0,103.5,3.5,94.13,0.494,0.547
2009-10,1610612753,Orlando Magic,82,59,23,102.8,36.6,78.0,0.47,10.3,27.3,0.375,19.2,26.5,14.1,110.7,102.8,7.9,92.54,0.536,0.573
2009-10,1610612755,Philadelphia 76ers,82,27,55,97.7,37.6,81.8,0.46,5.8,16.8,0.343,16.7,22.0,14.5,104.8,108.9,-4.1,92.72,0.496,0.534
2009-10,1610612756,Phoenix Suns,82,54,28,110.2,40.7,82.8,0.492,8.9,21.6,0.412,19.9,25.8,14.8,113.9,109.1,4.8,96.43,0.546,0.585
2009-10,1610612757,Portland Trail Blazers,82,50,32,98.1,36.3,78.7,0.461,6.0,16.9,0.354,19.6,24.8,12.3,109.6,106.1,3.5,88.64,0.499,0.547
2009-10,1610612758,Sacramento Kings,82,25,57,100.0,38.3,84.1,0.456,5.9,16.9,0.349,17.4,24.0,15.0,104.4,109.1,-4.7,94.78,0.491,0.528
2009-10,1610612759,San Antonio Spurs,82,50,32,101.4,38.4,81.2,0.473,6.8,18.9,0.358,17.8,24.0,13.6,109.3,103.9,5.4,92.26,0.515,0.552
2009-10,1610612761,Toronto Raptors,82,40,42,104.1,39.0,80.9,0.482,6.3,17.0,0.371,19.7,25.8,13.4,110.2,112.2,-2.0,93.94,0.521,0.564
2009-10,1610612762,Utah Jazz,82,53,29,104.2,39.4,80.2,0.491,5.4,14.7,0.364,20.2,27.2,15.2,109.7,104.0,5.7,94.68,0.524,0.565
2009-10,1610612764,Washington Wizards,82,26,56,96.2,36.7,81.7,0.449,5.3,14.9,0.353,17.6,23.1,14.9,103.1,108.3,-5.3,92.6,0.481,0.524
2010-11,1610612737,Atlanta Hawks,82,44,38,95.0,36.2,78.4,0.462,6.1,17.4,0.352,16.4,21.1,13.6,105.1,105.8,-0.7,90.22,0.501,0.542
2010-11,1610612738,Boston Celtics,82,56,26,96.5,36.9,75.8,0.486,5.0,13.6,0.365,17.8,23.1,14.6,105.5,99.8,5.7,90.92,0.519,0.561
2010-11,1610612766,Charlotte Bobcats,82,34,48,93.3,35.0,77.6,0.451,4.8,14.7,0.327,18.4,24.4,14.5,102.8,107.0,-4.2,90.3,0.482,0.528
2010-11,1610612741,Chicago Bulls,82,62,20,98.6,37.1,80.3,0.462,6.2,17.3,0.361,18.2,24.5,14.2,107.2,99.5,7.8,91.2,0.501,0.541
2010-11,1610612739,Cleveland Cavaliers,82,19,63,95.5,35.2,81.1,0.434,6.2,18.2,0.342,18.9,25.3,14.2,101.5,110.9,-9.5,93.76,0.472,0.518
2010-11,1610612742,Dallas Mavericks,82,57,25,100.2,37.4,78.8,0.475,7.9,21.6,0.365,17.5,22.6,14.0,108.4,104.1,4.4,92.24,0.525,0.565
2010-11,1610612743,Denver Nuggets,82,50,32,107.5,38.4,80.6,0.476,8.1,20.8,0.388,22.7,29.6,14.1,111.7,106.8,4.9,96.06,0.526,0.574
2010-11,1610612765,Detroit Pistons,82,30,52,97.0,37.3,81.1,0.46,5.8,15.3,0.376,16.7,22.6,13.0,107.0,110.7,-3.7,89.79,0.495,0.533
2010-11,1610612744,Golden State Warriors,82,36,46,103.4,39.6,85.9,0.461,8.4,21.3,0.392,15.7,20.7,14.6,107.1,109.4,-2.3,95.85,0.51,0.544
2010-11,1610612745,Houston Rockets,82,43,39,105.9,38.7,85.1,0.454,8.3,22.5,0.367,20.3,25.4,13.5,110.2,107.9,2.3,95.14,0.503,0.55
2010-11,1610612754,Indiana Pacers,82,37,45,99.8,36.6,82.8,0.442,7.1,20.2,0.354,19.4,24.8,15.4,104.1,105.0,-0.9,95.5,0.486,0.533
2010-11,1610612746,Los Angeles Clippers,82,32,50,98.6,36.8,80.4,0.457,6.3,18.5,0.338,18.9,26.7,16.4,104.8,108.0,-3.2,93.35,0.496,0.535
2010-11,1610612747,Los Angeles Lakers,82,57,25,101.5,38.1,82.4,0.463,6.4,18.1,0.352,18.8,24.1,13.1,109.6,103.3,6.3,91.78,0.502,0.545
2010-11,1610612763,Memphis Grizzlies,82,46,36,99.9,39.0,82.9,0.471,3.8,11.3,0.334,18.1,24.2,14.0,107.0,104.5,2.5,92.42,0.493,0.534
2010-11,1610612748,Miami Heat,82,58,24,102.1,37.0,76.8,0.481,6.7,18.0,0.37,21.5,27.9,13.9,110.6,102.9,7.8,91.63,0.524,0.573
2010-11,1610612749,Milwaukee Bucks,82,35,47,91.9,34.3,79.8,0.43,5.9,17.2,0.342,17.4,22.9,13.5,100.8,101.5,-0.8,90.57,0.467,0.511
2010-11,1610612750,Minnesota Timberwolves,82,17,65,101.1,37.7,85.5,0.441,7.2,19.1,0.376,18.5,24.1,17.0,103.2,109.9,-6.7,97.49,0.483,0.526
2010-11,1610612751,New Jersey Nets,82,24,58,94.2,35.6,81.0,0.44,5.6,16.3,0.343,17.4,22.9,14.0,102.1,108.9,-6.8,90.7,0.474,0.517
2010-11,1610612740,New Orleans Hornets,82,46,36,94.9,35.9,78.2,0.459,5.4,15.0,0.36,17.7,23.1,13.0,105.4,104.4,1.0,89.4,0.493,0.537
2010-11,1610612752,New York Knicks,82,42,40,106.5,38.3,83.7,0.457,9.3,25.4,0.368,20.6,25.5,13.7,109.9,109.0,1.0,96.47,0.513,0.561
2010-11,1610612760,Oklahoma City Thunder,82,55,27,104.8,37.4,80.6,0.464,5.9,17.1,0.347,24.1,29.3,14.1,109.9,105.9,3.9,93.84,0.501,0.561
2010-11,1610612753,Orlando Magic,82,52,30,99.2,36.0,78.2,0.461,9.4,25.6,0.366,17.7,25.6,14.9,107.4,101.8,5.6,91.55,0.521,0.554
2010-11,1610612755,Philadelphia 76ers,82,41,41,99.0,38.1,82.6,0.461,5.4,15.2,0.355,17.4,22.6,13.0,105.3,103.8,1.5,92.78,0.494,0.535
2010-11,1610612756,Phoenix Suns,82,40,42,105.0,39.3,83.5,0.47,8.5,22.6,0.377,18.0,23.6,14.3,108.6,109.4,-0.8,95.18,0.522,0.559
2010-11,1610612757,Portland Trail Blazers,82,48,34,96.3,36.0,80.5,0.447,6.3,18.3,0.345,18.0,22.4,13.0,107.3,105.7,1.6,89.13,0.486,0.533
2010-11,1610612758,Sacramento Kings,82,24,58,99.4,38.2,85.1,0.449,5.2,15.6,0.335,17.7,24.2,16.1,102.9,108.4,-5.5,95.76,0.48,0.519
2010-11,1610612759,San Antonio Spurs,82,61,21,103.7,38.4,80.8,0.475,8.4,21.1,0.397,18.5,24.2,13.4,110.5,104.4,6.1,93.34,0.527,0.567
2010-11,1610612761,Toronto Raptors,82,22,60,99.1,38.3,82.4,0.465,4.2,13.3,0.316,18.2,24.1,14.7,105.2,111.7,-6.5,93.78,0.491,0.533
2010-11,1610612762,Utah Jazz,82,39,43,99.4,37.4,80.4,0.465,5.3,15.3,0.346,19.4,25.1,14.3,107.0,108.8,-1.8,92.03,0.498,0.544
2010-11,1610612764,Washington Wizards,82,23,59,97.3,37.2,84.0,0.443,4.8,14.4,0.332,18.2,24.4,15.3,101.3,109.1,-7.8,94.76,0.471,0.513
2011-12,1610612737,Atlanta Hawks,66,40,26,96.6,36.8,81.0,0.454,7.5,20.2,0.37,15.5,21.0,14.0,104.2,100.4,3.8,90.88,0.5,0.535
2011-12,1610612738,Boston Celtics,66,39,27,91.8,35.5,77.1,0.46,5.5,15.0,0.367,15.4,19.8,14.8,100.1,97.5,2.6,91.11,0.496,0.535
2011-12,1610612766,Charlotte Bobcats,66,7,59,87.0,33.2,80.2,0.414,4.0,13.5,0.295,16.5,22.2,14.5,94.4,109.4,-15.0,91.86,0.439,0.483
2011-12,1610612741,Chicago Bulls,66,50,16,96.3,37.4,82.8,0.452,6.3,16.9,0.375,15.2,21.1,14.0,106.3,97.5,8.8,89.98,0.49,0.523
2011-12,1610612739,Cleveland Cavaliers,66,21,45,93.0,34.3,81.2,0.422,6.7,19.3,0.346,17.8,24.9,15.4,100.0,107.6,-7.6,92.34,0.463,0.505
2011-12,1610612742,Dallas Mavericks,66,36,30,95.8,36.3,82.0,0.443,7.5,22.2,0.339,15.6,20.2,14.0,102.1,100.9,1.1,92.61,0.489,0.527
2011-12,1610612743,Denver Nuggets,66,38,28,104.1,39.0,81.9,0.476,6.6,19.9,0.332,19.6,26.7,15.4,108.3,105.1,3.2,95.03,0.516,0.556
2011-12,1610612765,Detroit Pistons,66,25,41,90.9,34.7,79.3,0.438,4.8,13.9,0.346,16.6,22.1,15.7,100.0,105.0,-5.0,90.31,0.468,0.51
2011-12,1610612744,Golden State Warriors,66,23,43,97.8,37.7,82.5,0.457,7.9,20.5,0.388,14.4,18.7,13.9,103.9,107.3,-3.4,93.78,0.505,0.539
2011-12,1610612745,Houston Rockets,66,34,32,98.1,37.7,84.0,0.449,7.2,20.2,0.359,15.4,19.7,14.5,104.2,104.0,0.2,92.82,0.492,0.529
2011-12,1610612754,Indiana Pacers,66,42,24,97.7,35.7,81.4,0.438,5.9,16.1,0.368,20.4,26.1,14.0,105.5,102.1,3.3,91.68,0.474,0.526
2011-12,1610612746,Los Angeles Clippers,66,40,26,97.5,37.0,81.3,0.455,7.8,21.8,0.357,15.8,23.3,13.3,107.5,104.8,2.7,89.98,0.502,0.533
2011-12,1610612747,Los Angeles Lakers,66,41,25,97.3,36.8,80.6,0.457,5.5,16.8,0.326,18.2,24.1,15.1,104.5,103.2,1.3,91.72,0.491,0.534
2011-12,1610612763,Memphis Grizzlies,66,41,25,95.0,36.7,82.2,0.447,4.2,12.9,0.326,17.3,22.8,14.5,102.8,100.6,2.2,91.82,0.473,0.515
2011-12,1610612748,Miami Heat,66,46,20,98.5,37.1,79.0,0.469,5.6,15.6,0.359,18.8,24.2,15.2,105.6,99.2,6.4,92.07,0.505,0.549
2011-12,1610612749,Milwaukee Bucks,66,31,35,99.0,37.9,85.6,0.443,6.6,19.2,0.345,16.6,21.4,14.1,104.5,104.1,0.4,94.68,0.481,0.521
2011-12,1610612750,Minnesota Timberwolves,66,26,40,97.9,35.7,82.3,0.433,7.2,21.6,0.332,19.4,25.2,15.2,103.1,105.3,-2.2,94.44,0.477,0.524
2011-12,1610612751,New Jersey Nets,66,22,44,93.1,34.3,80.6,0.425,7.7,22.4,0.342,16.9,21.7,15.1,101.8,108.1,-6.3,91.26,0.473,0.516
2011-12,1610612740,New Orleans Hornets,66,21,45,89.6,34.8,77.3,0.451,3.9,11.8,0.333,16.0,21.2,15.5,99.9,103.9,-4.0,89.27,0.476,0.517
2011-12,1610612752,New York Knicks,66,36,30,97.8,35.8,80.8,0.443,7.8,23.3,0.336,18.3,24.8,16.0,103.5,100.2,3.2,93.91,0.492,0.533
2011-12,1610612760,Oklahoma City Thunder,66,47,19,103.1,37.3,79.2,0.471,7.2,20.0,0.358,21.3,26.4,16.3,108.4,102.1,6.3,94.11,0.516,0.567
2011-12,1610612753,Orlando Magic,66,37,29,94.2,34.5,78.2,0.441,10.2,27.0,0.375,15.1,22.8,14.9,104.0,103.4,0.6,89.75,0.506,0.533
2011-12,1610612755,Philadelphia 76ers,66,35,31,93.6,37.4,83.6,0.448,5.3,14.6,0.362,13.5,18.2,11.2,102.7,98.2,4.6,90.68,0.48,0.511
2011-12,1610612756,Phoenix Suns,66,33,33,98.4,37.8,82.5,0.458,6.7,19.6,0.343,16.0,21.2,14.1,105.2,105.2,-0.1,93.61,0.499,0.536
2011-12,1610612757,Portland Trail Blazers,66,28,38,97.2,36.4,82.1,0.443,7.2,20.9,0.346,17.2,21.6,14.2,104.4,105.3,-0.9,92.24,0.488,0.531
2011-12,1610612758,Sacramento Kings,66,22,44,98.8,37.7,86.5,0.436,6.2,19.7,0.316,17.1,23.2,14.4,102.9,108.7,-5.8,95.56,0.472,0.51
2011-12,1610612759,San Antonio Spurs,66,50,16,103.7,39.6,82.8,0.478,8.4,21.3,0.393,16.2,21.6,13.6,110.0,102.3,7.7,93.67,0.528,0.562
2011-12,1610612761,Toronto Raptors,66,23,43,90.7,34.4,78.1,0.44,5.5,16.3,0.34,16.4,21.4,15.2,99.6,103.6,-3.9,90.19,0.475,0.518
2011-12,1610612762,Utah Jazz,66,36,30,99.7,38.2,83.8,0.456,4.1,12.8,0.323,19.1,25.3,14.2,105.5,104.9,0.5,92.53,0.481,0.525
2011-12,1610612764,Washington Wizards,66,20,46,93.6,36.6,83.0,0.441,5.2,16.3,0.32,15.3,21.0,15.3,100.0,104.9,-5.0,93.59,0.472,0.508
2012-13,1610612737,Atlanta Hawks,82,44,38,98.0,37.6,81.0,0.464,8.6,23.2,0.371,14.1,19.7,14.9,103.7,103.4,0.3,93.56,0.517,0.546
2012-13,1610612738,Boston Celtics,81,41,40,96.5,37.0,79.7,0.465,6.1,17.2,0.358,16.3,21.0,14.6,102.2,102.6,-0.5,92.46,0.503,0.542
2012-13,1610612751,Brooklyn Nets,82,49,33,96.9,35.9,79.8,0.45,7.7,21.5,0.357,17.5,23.9,14.7,106.9,104.8,2.0,89.88,0.498,0.536
2012-13,1610612766,Charlotte Bobcats,82,21,61,93.4,34.4,81.1,0.425,5.7,17.1,0.335,18.9,25.1,14.1,100.4,110.3,-9.9,92.49,0.46,0.507
2012-13,1610612741,Chicago Bulls,82,45,37,93.2,35.7,81.7,0.437,5.4,15.4,0.353,16.4,21.2,14.3,102.4,101.9,0.5,90.35,0.47,0.512
2012-13,1610612739,Cleveland Cavaliers,82,24,58,96.5,36.5,84.2,0.434,6.7,19.3,0.346,16.8,22.3,14.0,103.2,108.2,-5.0,93.25,0.473,0.514
2012-13,1610612742,Dallas Mavericks,82,41,41,101.1,38.8,84.0,0.462,7.4,19.9,0.372,16.1,20.4,14.0,104.7,105.4,-0.6,95.09,0.506,0.544
2012-13,1610612743,Denver Nuggets,82,57,25,106.1,40.7,85.2,0.478,6.4,18.5,0.343,18.4,26.2,15.3,109.3,104.2,5.1,95.92,0.515,0.549
2012-13,1610612765,Detroit Pistons,82,29,53,94.9,36.3,81.0,0.449,6.3,17.6,0.356,15.9,22.8,15.1,102.7,107.2,-4.5,91.68,0.487,0.521
2012-13,1610612744,Golden State Warriors,82,47,35,101.2,38.2,83.4,0.458,8.0,19.9,0.403,16.8,21.3,15.1,105.1,104.2,0.9,95.64,0.506,0.545
2012-13,1610612745,Houston Rockets,82,45,37,106.0,38.1,82.7,0.461,10.6,28.9,0.366,19.2,25.5,16.4,108.8,105.3,3.5,96.89,0.525,0.564
2012-13,1610612754,Indiana Pacers,81,49,32,94.7,35.1,80.6,0.436,6.9,19.7,0.347,17.6,23.6,15.1,103.4,99.0,4.4,90.9,0.479,0.521
2012-13,1610612746,Los Angeles Clippers,82,56,26,101.1,38.5,80.6,0.478,7.6,21.4,0.358,16.4,23.0,14.6,109.8,102.8,6.9,91.83,0.526,0.557
2012-13,1610612747,Los Angeles Lakers,82,45,37,102.2,37.1,81.0,0.458,8.7,24.6,0.355,19.3,27.9,15.0,107.0,105.9,1.1,95.08,0.512,0.548
2012-13,1610612763,Memphis Grizzlies,82,56,26,93.4,36.1,81.5,0.444,4.7,13.5,0.345,16.5,21.3,14.0,103.6,99.1,4.5,89.56,0.472,0.514
2012-13,1610612748,Miami Heat,82,66,16,102.9,38.4,77.4,0.496,8.7,22.1,0.396,17.4,23.0,13.9,111.4,103.2,8.2,91.26,0.552,0.588
2012-13,1610612749,Milwaukee Bucks,82,38,44,98.9,38.1,87.8,0.435,7.3,20.4,0.36,15.3,20.7,14.1,102.5,104.2,-1.7,95.65,0.476,0.51
2012-13,1610612750,Minnesota Timberwolves,82,31,51,95.7,35.9,81.7,0.439,5.5,18.0,0.305,18.5,24.9,14.8,101.8,104.0,-2.2,93.94,0.473,0.516
2012-13,1610612740,New Orleans Hornets,82,27,55,94.1,36.0,80.4,0.448,6.5,18.0,0.363,15.5,20.0,14.5,104.5,108.9,-4.4,89.5,0.489,0.528
2012-13,1610612752,New York Knicks,82,54,28,100.0,36.5,81.6,0.448,10.9,28.9,0.376,16.0,21.1,12.0,109.8,105.4,4.5,90.68,0.515,0.55
2012-13,1610612760,Oklahoma City Thunder,82,60,22,105.7,38.1,79.3,0.481,7.3,19.4,0.377,22.2,26.8,15.3,111.0,101.2,9.9,94.58,0.527,0.58
2012-13,1610612753,Orlando Magic,82,20,62,94.1,37.7,84.2,0.448,6.2,18.7,0.329,12.5,16.6,14.5,100.9,108.4,-7.4,92.81,0.485,0.514
2012-13,1610612755,Philadelphia 76ers,82,34,48,93.2,37.3,84.1,0.444,6.3,17.5,0.36,12.2,16.8,13.0,101.0,104.7,-3.7,91.88,0.481,0.509
2012-13,1610612756,Phoenix Suns,82,25,57,95.2,37.3,84.4,0.443,5.9,17.7,0.33,14.7,19.7,15.6,100.2,106.9,-6.7,94.48,0.477,0.512
2012-13,1610612757,Portland Trail Blazers,82,33,49,97.5,36.7,81.9,0.448,8.2,23.2,0.353,15.9,20.5,14.7,104.5,107.9,-3.4,92.46,0.498,0.536
2012-13,1610612758,Sacramento Kings,82,28,54,100.2,37.6,84.2,0.447,7.4,20.5,0.363,17.5,22.8,14.6,105.3,110.0,-4.7,94.65,0.491,0.532
2012-13,1610612759,San Antonio Spurs,82,58,24,103.0,39.1,81.4,0.481,8.1,21.5,0.376,16.6,21.0,14.7,107.0,100.3,6.7,95.31,0.531,0.568
2012-13,1610612761,Toronto Raptors,82,34,48,97.2,36.3,81.5,0.446,7.0,20.3,0.343,17.6,22.3,13.7,105.0,106.4,-1.4,91.26,0.488,0.532
2012-13,1610612762,Utah Jazz,82,43,39,98.0,37.1,81.8,0.454,6.2,16.9,0.366,17.5,23.0,14.8,105.4,105.6,-0.2,92.05,0.492,0.533
2012-13,1610612764,Washington Wizards,82,29,53,93.2,35.5,81.6,0.435,6.6,18.2,0.365,15.6,21.3,15.1,99.3,101.6,-2.3,93.23,0.475,0.512
2013-14,1610612737,Atlanta Hawks,82,38,44,101.0,37.3,81.6,0.458,9.4,25.8,0.363,17.0,21.7,15.3,104.9,105.7,-0.7,95.41,0.515,0.554
2013-14,1610612738,Boston Celtics,82,25,57,96.2,36.5,83.9,0.435,7.0,21.1,0.333,16.2,20.8,15.4,101.9,106.5,-4.6,94.28,0.477,0.517
2013-14,1610612751,Brooklyn Nets,82,44,38,98.5,35.7,77.9,0.459,8.6,23.4,0.369,18.4,24.4,14.5,105.4,106.7,-1.3,92.42,0.514,0.555
2013-14,1610612766,Charlotte Bobcats,82,43,39,96.9,36.3,82.1,0.442,6.3,17.9,0.351,18.0,24.4,12.3,103.0,103.3,-0.4,92.93,0.481,0.522
2013-14,1610612741,Chicago Bulls,82,48,34,93.7,34.7,80.2,0.432,6.2,17.8,0.348,18.1,23.3,14.9,101.7,99.9,1.9,90.84,0.471,0.518
2013-14,1610612739,Cleveland Cavaliers,82,33,49,98.2,37.0,84.8,0.437,7.1,20.0,0.356,17.0,22.7,14.2,103.5,107.0,-3.6,93.69,0.479,0.518
2013-14,1610612742,Dallas Mavericks,82,49,33,104.8,39.6,83.6,0.474,8.8,22.9,0.384,16.8,21.1,13.5,109.5,107.2,2.3,94.94,0.526,0.564
2013-14,1610612743,Denver Nuggets,82,36,46,104.4,38.4,85.9,0.447,8.6,23.9,0.358,19.1,26.3,15.9,105.1,107.3,-2.2,98.95,0.497,0.536
2013-14,1610612765,Detroit Pistons,82,29,53,101.0,38.8,86.9,0.447,6.2,19.3,0.321,17.3,25.7,14.5,105.2,109.0,-3.7,95.57,0.482,0.514
2013-14,1610612744,Golden State Warriors,82,51,31,104.3,39.5,85.4,0.462,9.4,24.8,0.38,15.9,21.1,15.2,106.3,101.4,4.9,97.37,0.517,0.55
2013-14,1610612745,Houston Rockets,82,54,28,107.7,38.0,80.5,0.472,9.5,26.6,0.358,22.1,31.1,16.1,109.8,105.2,4.6,97.27,0.531,0.571
2013-14,1610612754,Indiana Pacers,82,56,26,96.7,36.0,80.2,0.449,6.7,18.8,0.357,18.1,23.3,15.1,103.6,98.9,4.7,92.89,0.49,0.535
2013-14,1610612746,Los Angeles Clippers,82,57,25,107.9,39.1,82.5,0.474,8.5,24.0,0.352,21.2,29.1,13.9,111.3,104.0,7.3,96.66,0.526,0.567
2013-14,1610612747,Los Angeles Lakers,82,27,55,103.0,38.3,85.1,0.45,9.4,24.8,0.381,17.0,22.4,15.1,103.2,109.3,-6.0,99.72,0.505,0.542
2013-14,1610612763,Memphis Grizzlies,82,50,32,96.1,38.1,82.0,0.464,4.9,14.0,0.353,15.1,20.3,13.7,105.5,103.8,1.7,90.58,0.494,0.529
2013-14,1610612748,Miami Heat,82,54,28,102.2,38.3,76.5,0.501,8.1,22.3,0.364,17.5,23.0,14.8,110.0,105.0,5.1,91.9,0.554,0.59
2013-14,1610612749,Milwaukee Bucks,82,15,67,95.5,36.0,82.2,0.438,6.7,18.9,0.353,16.8,22.5,15.1,101.9,110.2,-8.3,92.96,0.479,0.519
2013-14,1610612750,Minnesota Timberwolves,82,40,42,106.9,38.9,87.5,0.444,7.3,21.4,0.341,21.8,28.1,13.9,107.7,105.2,2.6,98.33,0.486,0.535
2013-14,1610612740,New Orleans Pelicans,82,34,48,99.7,37.8,82.5,0.459,5.9,15.9,0.373,18.2,23.6,13.8,106.2,109.1,-3.0,93.07,0.495,0.537
2013-14,1610612752,New York Knicks,82,37,45,98.6,36.9,82.2,0.449,9.3,24.9,0.372,15.5,20.4,13.0,107.0,108.1,-1.1,91.24,0.505,0.541
2013-14,1610612760,Oklahoma City Thunder,82,59,23,106.2,39.0,82.7,0.471,8.1,22.4,0.361,20.2,25.0,15.3,109.4,103.0,6.4,96.33,0.52,0.566
2013-14,1610612753,Orlando Magic,82,23,59,96.5,36.9,82.7,0.445,6.9,19.5,0.353,15.9,20.9,14.9,101.0,106.6,-5.7,94.27,0.487,0.525
2013-14,1610612755,Philadelphia 76ers,82,19,63,99.5,37.9,87.2,0.435,7.0,22.5,0.312,16.6,23.4,16.9,99.0,109.0,-10.0,99.74,0.475,0.51
2013-14,1610612756,Phoenix Suns,82,48,34,105.2,38.7,83.5,0.463,9.3,25.1,0.372,18.5,24.4,15.3,108.2,105.6,2.6,96.83,0.519,0.558
2013-14,1610612757,Portland Trail Blazers,82,54,28,106.7,39.1,87.0,0.45,9.4,25.3,0.372,19.1,23.5,13.7,110.4,106.2,4.2,95.9,0.504,0.548
2013-14,1610612758,Sacramento Kings,82,28,54,100.5,36.9,82.5,0.447,6.0,18.0,0.333,20.7,27.3,15.2,105.1,107.8,-2.7,95.04,0.484,0.532
2013-14,1610612759,San Antonio Spurs,82,62,20,105.4,40.6,83.5,0.486,8.5,21.4,0.397,15.7,20.0,14.4,109.5,101.4,8.1,95.87,0.537,0.571
2013-14,1610612761,Toronto Raptors,82,48,34,101.3,36.5,81.9,0.445,8.7,23.4,0.372,19.6,25.1,14.1,107.9,104.6,3.3,92.48,0.498,0.545
2013-14,1610612762,Utah Jazz,82,25,57,95.0,36.0,81.1,0.444,6.6,19.2,0.344,16.4,22.0,14.6,102.4,110.1,-7.6,92.32,0.484,0.523
2013-14,1610612764,Washington Wizards,82,44,38,100.7,38.7,84.4,0.459,7.9,20.8,0.38,15.3,20.9,14.7,104.9,103.6,1.3,94.18,0.506,0.538
2014-15,1610612737,Atlanta Hawks,82,60,22,102.5,38.1,81.7,0.466,10.0,26.2,0.38,16.5,21.2,14.2,108.2,102.3,5.9,94.66,0.527,0.563
2014-15,1610612738,Boston Celtics,82,40,42,101.4,38.9,87.9,0.443,8.0,24.6,0.327,15.4,20.5,13.8,103.8,103.5,0.3,96.71,0.489,0.523
2014-15,1610612751,Brooklyn Nets,82,38,44,98.0,37.4,83.0,0.451,6.6,19.9,0.331,16.6,22.2,13.8,103.4,106.3,-3.0,93.69,0.491,0.529
2014-15,1610612766,Charlotte Hornets,82,33,49,94.2,35.5,84.5,0.42,6.1,19.1,0.318,17.0,22.8,11.9,99.6,103.0,-3.4,93.45,0.456,0.498
2014-15,1610612741,Chicago Bulls,82,50,32,100.8,36.6,82.9,0.442,7.9,22.3,0.353,19.7,25.2,14.0,106.3,103.3,3.0,93.8,0.489,0.536
2014-15,1610612739,Cleveland Cavaliers,82,53,29,103.1,37.7,82.2,0.458,10.1,27.5,0.367,17.7,23.6,14.3,110.1,105.3,4.8,93.23,0.52,0.557
2014-15,1610612742,Dallas Mavericks,82,50,32,105.2,39.7,85.8,0.463,8.9,25.4,0.352,16.9,22.5,13.0,108.2,104.9,3.2,96.4,0.515,0.55
2014-15,1610612743,Denver Nuggets,82,30,52,101.5,37.8,87.3,0.433,8.0,24.8,0.325,17.8,24.3,14.2,103.9,107.1,-3.3,96.87,0.479,0.518
2014-15,1610612765,Detroit Pistons,82,32,50,98.5,37.1,85.8,0.432,8.6,24.9,0.344,15.8,22.4,13.4,104.3,105.4,-1.1,93.68,0.482,0.515
2014-15,1610612744,Golden State Warriors,82,67,15,110.0,41.6,87.0,0.478,10.8,27.0,0.398,16.0,20.8,14.5,110.4,100.4,9.9,99.28,0.54,0.571
2014-15,1610612745,Houston Rockets,82,56,26,103.9,37.0,83.3,0.444,11.4,32.7,0.348,18.6,26.0,16.7,106.0,102.6,3.4,97.36,0.512,0.548
2014-15,1610612754,Indiana Pacers,82,38,44,97.3,36.6,83.2,0.439,7.5,21.2,0.352,16.7,22.2,14.0,102.9,102.7,0.2,93.67,0.484,0.523
2014-15,1610612746,Los Angeles Clippers,82,56,26,106.7,39.4,83.3,0.473,10.1,26.9,0.376,17.9,25.2,12.3,111.6,104.7,6.9,95.4,0.533,0.565
2014-15,1610612747,Los Angeles Lakers,82,21,61,98.5,37.2,85.6,0.435,6.5,18.9,0.344,17.5,23.6,13.2,102.3,109.4,-7.1,95.03,0.473,0.513
2014-15,1610612763,Memphis Grizzlies,82,55,27,98.3,37.8,82.5,0.458,5.2,15.2,0.339,17.6,22.8,13.3,104.8,101.2,3.5,92.82,0.489,0.531
2014-15,1610612748,Miami Heat,82,37,45,94.7,35.2,77.2,0.456,6.8,20.2,0.335,17.5,23.7,14.8,103.2,106.1,-3.0,91.49,0.5,0.54
2014-15,1610612749,Milwaukee Bucks,82,41,41,97.8,37.6,82.0,0.459,6.6,18.3,0.363,16.0,21.1,16.7,102.0,101.4,0.6,94.82,0.499,0.536
2014-15,1610612750,Minnesota Timberwolves,82,16,66,97.8,36.4,83.2,0.438,5.0,14.9,0.332,20.0,25.7,15.0,101.8,110.9,-9.1,95.45,0.468,0.517
2014-15,1610612740,New Orleans Pelicans,82,45,37,99.4,37.9,82.9,0.457,7.1,19.3,0.37,16.4,21.8,13.3,107.1,106.3,0.8,92.29,0.501,0.537
2014-15,1610612752,New York Knicks,82,17,65,91.9,35.1,82.0,0.428,6.8,19.7,0.347,14.8,19.2,14.7,98.9,109.0,-10.1,92.06,0.47,0.508
2014-15,1610612760,Oklahoma City Thunder,82,45,37,104.0,38.8,86.8,0.447,7.7,22.7,0.339,18.6,24.6,14.7,106.7,104.6,2.1,96.61,0.492,0.532
2014-15,1610612753,Orlando Magic,82,25,57,95.7,37.5,82.8,0.453,6.8,19.5,0.347,13.9,19.1,14.9,101.0,106.8,-5.9,94.51,0.494,0.524
2014-15,1610612755,Philadelphia 76ers,82,18,64,92.0,33.7,82.6,0.408,8.4,26.3,0.32,16.1,23.8,17.7,94.9,103.9,-9.0,96.45,0.459,0.494
2014-15,1610612756,Phoenix Suns,82,39,43,102.4,38.8,85.8,0.452,8.5,25.0,0.341,16.4,21.5,15.1,104.2,105.3,-1.1,97.2,0.501,0.537
2014-15,1610612757,Portland Trail Blazers,82,51,31,102.8,38.7,86.0,0.45,9.8,27.2,0.362,15.5,19.4,13.6,107.1,102.8,4.3,95.06,0.508,0.544
2014-15,1610612758,Sacramento Kings,82,29,53,101.3,36.7,80.7,0.455,5.6,16.5,0.341,22.3,29.3,16.3,104.5,108.2,-3.7,96.16,0.49,0.542
2014-15,1610612759,San Antonio Spurs,82,55,27,103.2,39.1,83.6,0.468,8.3,22.5,0.367,16.7,21.4,14.0,107.6,101.4,6.3,94.45,0.517,0.555
2014-15,1610612761,Toronto Raptors,82,49,33,104.0,37.9,83.3,0.455,8.9,25.1,0.352,19.3,24.6,12.9,110.2,107.1,3.1,93.46,0.508,0.553
2014-15,1610612762,Utah Jazz,82,38,44,95.1,35.4,79.2,0.447,7.4,21.7,0.343,17.0,23.5,15.3,104.2,104.1,0.1,91.1,0.494,0.531
2014-15,1610612764,Washington Wizards,82,46,36,98.5,38.3,82.8,0.462,6.1,16.8,0.36,15.9,21.4,15.0,103.0,102.4,0.6,94.29,0.499,0.534
2015-16,1610612737,Atlanta Hawks,82,48,34,102.8,38.6,84.4,0.458,9.9,28.4,0.35,15.6,20.0,15.0,104.6,100.8,3.9,97.63,0.516,0.552
2015-16,1610612738,Boston Celtics,82,48,34,105.7,39.2,89.2,0.439,8.7,26.1,0.335,18.5,23.5,13.7,105.8,102.5,3.3,99.43,0.488,0.531
2015-16,1610612751,Brooklyn Nets,82,21,61,98.6,38.2,84.4,0.453,6.5,18.4,0.352,15.7,20.7,14.8,102.4,109.7,-7.4,96.12,0.492,0.527
2015-16,1610612766,Charlotte Hornets,82,48,34,103.4,37.0,84.4,0.439,10.6,29.4,0.362,18.7,23.7,12.5,106.4,103.7,2.7,96.24,0.502,0.545
2015-16,1610612741,Chicago Bulls,82,42,40,101.6,38.6,87.4,0.441,7.9,21.4,0.371,16.5,21.0,13.9,104.1,105.5,-1.4,96.6,0.487,0.526
2015-16,1610612739,Cleveland Cavaliers,82,57,25,104.3,38.7,84.0,0.46,10.7,29.6,0.362,16.3,21.7,13.6,110.2,103.9,6.3,93.82,0.524,0.558
2015-16,1610612742,Dallas Mavericks,82,42,40,102.3,37.4,84.1,0.444,9.8,28.6,0.344,17.7,22.3,12.8,105.5,105.9,-0.4,95.34,0.502,0.544
2015-16,1610612743,Denver Nuggets,82,33,49,101.9,37.7,85.4,0.442,8.0,23.7,0.338,18.5,24.1,14.7,104.9,108.2,-3.3,96.34,0.489,0.531
2015-16,1610612765,Detroit Pistons,82,44,38,102.0,37.9,86.4,0.439,9.0,26.2,0.345,17.1,25.5,13.5,105.3,104.9,0.3,95.75,0.491,0.522
2015-16,1610612744,Golden State Warriors,82,73,9,114.9,42.5,87.3,0.487,13.1,31.6,0.416,16.7,21.8,15.2,113.5,102.8,10.6,100.24,0.563,0.593
2015-16,1610612745,Houston Rockets,82,41,41,106.5,37.7,83.5,0.452,10.7,30.9,0.347,20.4,29.4,15.9,107.3,107.3,0.0,98.42,0.516,0.553
2015-16,1610612754,Indiana Pacers,82,45,37,102.2,38.3,85.2,0.45,8.1,23.0,0.351,17.4,22.8,14.9,103.8,102.2,1.6,97.35,0.497,0.536
2015-16,1610612746,LA Clippers,82,53,29,104.5,38.3,82.4,0.465,9.7,26.7,0.364,18.2,26.2,13.0,107.2,102.7,4.5,96.81,0.524,0.556
2015-16,1610612747,Los Angeles Lakers,82,17,65,97.3,35.1,84.8,0.414,7.8,24.6,0.317,19.3,24.7,13.7,100.7,110.3,-9.7,96.55,0.46,0.509
2015-16,1610612763,Memphis Grizzlies,82,42,40,99.1,36.8,83.6,0.44,6.1,18.5,0.331,19.3,24.7,13.3,104.7,107.1,-2.4,93.95,0.477,0.524
2015-16,1610612748,Miami Heat,82,48,34,100.0,38.4,81.7,0.47,6.1,18.0,0.336,17.1,23.0,14.1,105.5,103.7,1.7,94.14,0.508,0.545
2015-16,1610612749,Milwaukee Bucks,82,33,49,99.0,38.4,82.2,0.467,5.4,15.6,0.345,17.0,22.7,15.2,103.4,107.8,-4.5,95.05,0.499,0.537
2015-16,1610612750,Minnesota Timberwolves,82,29,53,102.4,37.7,81.3,0.464,5.5,16.4,0.338,21.4,27.0,15.0,105.4,109.0,-3.5,96.2,0.498,0.549
2015-16,1610612740,New Orleans Pelicans,82,30,52,102.7,38.5,85.9,0.448,8.6,23.8,0.36,17.3,22.2,13.4,104.8,108.4,-3.7,97.64,0.498,0.537
2015-16,1610612752,New York Knicks,82,32,50,98.4,36.9,84.0,0.439,7.4,21.5,0.346,17.2,21.4,13.4,103.9,106.7,-2.8,94.12,0.483,0.527
2015-16,1610612760,Oklahoma City Thunder,82,55,27,110.2,41.1,86.4,0.476,8.3,23.7,0.349,19.7,25.2,15.9,112.1,104.8,7.4,97.54,0.524,0.565
2015-16,1610612753,Orlando Magic,82,35,47,102.1,39.5,86.8,0.455,7.8,22.2,0.35,15.2,20.1,14.1,104.4,106.0,-1.6,96.68,0.5,0.533
2015-16,1610612755,Philadelphia 76ers,82,10,72,97.4,36.2,84.0,0.431,9.3,27.5,0.339,15.7,22.6,16.4,98.4,108.6,-10.2,98.44,0.487,0.519
2015-16,1610612756,Phoenix Suns,82,23,59,100.9,37.2,85.6,0.435,9.0,25.8,0.348,17.5,23.2,17.2,101.5,107.9,-6.5,99.39,0.487,0.526
2015-16,1610612757,Portland Trail Blazers,82,44,38,105.1,38.6,85.9,0.45,10.5,28.5,0.37,17.4,23.0,14.6,107.6,106.8,0.8,97.06,0.511,0.548
2015-16,1610612758,Sacramento Kings,82,33,49,106.6,40.0,86.4,0.464,8.0,22.4,0.359,18.5,25.5,16.2,105.3,107.6,-2.3,100.66,0.51,0.546
2015-16,1610612759,San Antonio Spurs,82,67,15,103.5,40.1,82.9,0.484,7.0,18.5,0.375,16.4,20.4,13.1,109.3,98.2,11.1,94.54,0.526,0.564
2015-16,1610612761,Toronto Raptors,82,56,26,102.7,36.7,81.3,0.451,8.6,23.4,0.37,20.8,26.7,13.1,109.3,104.8,4.4,93.35,0.504,0.552
2015-16,1610612762,Utah Jazz,82,40,42,97.7,36.1,80.4,0.449,8.5,23.9,0.355,17.1,23.0,14.9,105.0,103.2,1.8,91.66,0.501,0.54
2015-16,1610612764,Washington Wizards,82,41,41,104.1,39.5,85.8,0.46,8.6,24.2,0.358,16.5,22.5,14.5,104.5,105.1,-0.5,99.16,0.511,0.544
2016-17,1610612737,Atlanta Hawks,82,43,39,103.2,38.1,84.4,0.451,8.9,26.1,0.341,18.1,24.9,15.8,104.5,105.2,-0.7,97.76,0.504,0.541
2016-17,1610612738,Boston Celtics,82,53,29,108.0,38.6,85.1,0.454,12.0,33.4,0.359,18.7,23.2,13.3,110.6,108.0,2.6,97.21,0.525,0.567
2016-17,1610612751,Brooklyn Nets,82,20,62,105.8,37.8,85.2,0.444,10.7,31.6,0.338,19.4,24.6,16.5,103.6,110.1,-6.5,101.75,0.507,0.551
2016-17,1610612766,Charlotte Hornets,82,36,46,104.9,37.7,85.4,0.442,10.0,28.6,0.351,19.4,23.8,11.5,108.4,108.4,0.0,95.92,0.501,0.547
2016-17,1610612741,Chicago Bulls,82,41,41,102.9,38.6,87.1,0.444,7.6,22.3,0.34,18.0,22.5,13.6,106.5,106.2,0.3,96.02,0.487,0.53
2016-17,1610612739,Cleveland Cavaliers,82,51,31,110.3,39.9,84.9,0.47,13.0,33.9,0.384,17.5,23.3,13.7,112.8,109.7,3.1,96.74,0.547,0.58
2016-17,1610612742,Dallas Mavericks,82,33,49,97.9,36.2,82.3,0.44,10.7,30.2,0.355,14.8,18.5,11.9,104.7,107.7,-3.0,93.11,0.505,0.541
2016-17,1610612743,Denver Nuggets,82,40,42,111.7,41.2,87.7,0.469,10.6,28.8,0.368,18.7,24.2,15.0,112.2,111.7,0.4,99.18,0.53,0.568
2016-17,1610612765,Detroit Pistons,82,37,45,101.3,39.9,88.8,0.449,7.7,23.4,0.33,13.9,19.3,11.9,105.3,106.7,-1.4,95.52,0.492,0.521
2016-17,1610612744,Golden State Warriors,82,67,15,115.9,43.1,87.1,0.495,12.0,31.2,0.383,17.8,22.6,14.8,114.8,103.4,11.4,100.37,0.563,0.597
2016-17,1610612745,Houston Rockets,82,55,27,115.3,40.3,87.2,0.462,14.4,40.3,0.357,20.3,26.5,15.1,114.1,108.4,5.7,100.55,0.545,0.583
2016-17,1610612754,Indiana Pacers,82,42,40,105.1,39.3,84.5,0.465,8.6,23.0,0.376,17.9,22.1,13.8,107.9,108.1,-0.2,96.59,0.516,0.558
2016-17,1610612746,LA Clippers,82,51,31,108.7,39.5,83.2,0.475,10.3,27.4,0.375,19.3,26.0,13.0,111.8,107.5,4.4,96.77,0.537,0.574
2016-17,1610612747,Los Angeles Lakers,82,26,56,104.6,39.3,87.4,0.45,8.9,25.7,0.346,17.0,22.6,15.2,105.3,112.0,-6.7,99.26,0.501,0.537
2016-17,1610612763,Memphis Grizzlies,82,43,39,100.5,36.4,83.6,0.435,9.4,26.5,0.354,18.3,23.4,12.9,107.0,106.5,0.5,92.84,0.491,0.535
2016-17,1610612748,Miami Heat,82,41,41,103.2,39.0,85.8,0.455,9.9,27.0,0.365,15.2,21.6,13.4,107.4,106.4,1.0,95.51,0.512,0.541
2016-17,1610612749,Milwaukee Bucks,82,42,40,103.6,38.8,81.9,0.474,8.8,23.7,0.37,17.2,22.4,14.0,108.5,108.7,-0.2,94.99,0.527,0.565
2016-17,1610612750,Minnesota Timberwolves,82,31,51,105.6,39.5,84.4,0.467,7.3,21.0,0.349,19.3,24.2,14.0,110.0,110.9,-0.9,95.48,0.511,0.555
2016-17,1610612740,New Orleans Pelicans,82,34,48,104.3,39.1,87.0,0.45,9.4,26.8,0.35,16.7,22.3,12.9,104.7,106.8,-2.1,98.56,0.504,0.539
2016-17,1610612752,New York Knicks,82,31,51,104.3,39.6,88.5,0.447,8.6,24.7,0.348,16.6,21.1,13.9,107.1,110.7,-3.6,96.63,0.496,0.534
2016-17,1610612760,Oklahoma City Thunder,82,47,35,106.6,39.5,87.4,0.452,8.4,25.8,0.327,19.2,25.8,15.0,107.9,107.1,0.8,98.18,0.5,0.54
2016-17,1610612753,Orlando Magic,82,29,53,101.1,38.3,87.0,0.44,8.5,26.1,0.328,16.0,21.4,13.3,103.7,110.3,-6.5,96.9,0.489,0.524
2016-17,1610612755,Philadelphia 76ers,82,28,54,102.4,37.7,85.3,0.442,10.1,29.8,0.34,17.0,22.0,16.7,102.7,108.2,-5.5,99.07,0.501,0.539
2016-17,1610612756,Phoenix Suns,82,24,58,107.7,39.9,88.5,0.45,7.5,22.6,0.332,20.4,26.3,15.4,106.1,111.3,-5.2,100.85,0.493,0.538
2016-17,1610612757,Portland Trail Blazers,82,41,41,107.9,39.5,86.1,0.459,10.4,27.7,0.375,18.5,23.7,13.7,109.4,110.0,-0.6,97.38,0.52,0.559
2016-17,1610612758,Sacramento Kings,82,32,50,102.8,37.9,82.1,0.461,9.0,23.9,0.376,18.1,23.3,14.6,106.6,110.8,-4.2,95.42,0.516,0.556
2016-17,1610612759,San Antonio Spurs,82,61,21,105.3,39.3,83.7,0.469,9.2,23.5,0.391,17.6,22.0,13.4,110.3,102.9,7.4,94.86,0.524,0.564
2016-17,1610612761,Toronto Raptors,82,51,31,106.9,39.2,84.4,0.464,8.8,24.3,0.363,19.7,24.7,12.7,111.4,107.1,4.3,95.41,0.517,0.561
2016-17,1610612762,Utah Jazz,82,51,31,100.7,37.0,79.5,0.466,9.6,26.0,0.372,17.1,22.9,13.6,109.0,104.7,4.3,92.09,0.526,0.563
2016-17,1610612764,Washington Wizards,82,49,33,109.2,41.3,87.0,0.475,9.2,24.8,0.372,17.3,22.1,14.2,110.4,108.8,1.7,97.94,0.528,0.564
2017-18,1610612737,Atlanta Hawks,82,24,58,103.4,38.2,85.5,0.446,11.2,31.0,0.36,15.8,20.2,15.5,104.4,110.1,-5.7,98.76,0.512,0.547
2017-18,1610612738,Boston Celtics,82,55,27,104.0,38.3,85.1,0.45,11.5,30.4,0.377,16.0,20.7,14.0,106.8,103.2,3.6,96.75,0.518,0.552
2017-18,1610612751,Brooklyn Nets,82,28,54,106.6,38.2,86.8,0.441,12.7,35.7,0.356,17.4,22.6,15.2,106.1,109.7,-3.6,99.66,0.514,0.551
2017-18,1610612766,Charlotte Hornets,82,36,46,108.2,39.0,86.7,0.45,10.0,27.2,0.369,20.2,27.0,12.7,109.0,109.0,-0.1,98.66,0.508,0.549
2017-18,1610612741,Chicago Bulls,82,27,55,102.9,38.7,88.8,0.435,11.0,31.1,0.355,14.6,19.2,14.0,103.4,110.5,-7.0,98.65,0.497,0.529
2017-18,1610612739,Cleveland Cavaliers,82,50,32,110.9,40.4,84.8,0.476,12.0,32.1,0.372,18.1,23.3,13.7,112.0,111.1,1.0,98.72,0.547,0.584
2017-18,1610612742,Dallas Mavericks,82,24,58,102.3,38.1,85.9,0.444,11.8,32.8,0.36,14.2,18.7,12.3,105.4,108.4,-2.9,96.53,0.513,0.544
2017-18,1610612743,Denver Nuggets,82,46,36,110.0,40.7,86.6,0.47,11.5,30.9,0.371,17.1,22.3,15.0,111.4,110.0,1.4,97.69,0.536,0.57
2017-18,1610612765,Detroit Pistons,82,39,43,103.8,39.1,86.9,0.45,10.8,28.9,0.373,14.7,19.8,13.4,106.6,106.7,-0.1,96.75,0.512,0.543
2017-18,1610612744,Golden State Warriors,82,58,24,113.5,42.8,85.1,0.503,11.3,28.9,0.391,16.6,20.3,15.4,112.8,106.8,5.9,100.35,0.569,0.603
2017-18,1610612745,Houston Rockets,82,65,17,112.4,38.7,84.2,0.46,15.3,42.3,0.362,19.6,25.1,13.8,114.1,105.7,8.4,98.02,0.551,0.59
2017-18,1610612754,Indiana Pacers,82,48,34,105.6,40.8,86.4,0.472,9.0,24.5,0.369,14.9,19.2,13.3,108.5,107.3,1.3,96.84,0.525,0.557
2017-18,1610612746,LA Clippers,82,42,40,109.0,40.3,85.4,0.471,9.5,26.8,0.354,19.0,25.5,14.7,109.4,109.2,0.2,99.54,0.527,0.564
2017-18,1610612747,Los Angeles Lakers,82,35,47,108.1,40.7,88.4,0.461,10.0,29.1,0.345,16.6,23.3,15.8,106.0,107.3,-1.3,100.9,0.517,0.548
2017-18,1610612763,Memphis Grizzlies,82,22,60,99.3,36.7,82.8,0.444,9.2,26.2,0.352,16.6,21.1,15.0,103.6,110.4,-6.8,95.65,0.5,0.539
2017-18,1610612748,Miami Heat,82,44,38,103.4,38.8,85.3,0.455,11.0,30.6,0.36,14.7,19.5,14.4,106.2,105.8,0.4,96.1,0.52,0.551
2017-18,1610612749,Milwaukee Bucks,82,44,38,106.5,39.7,83.0,0.478,8.8,24.7,0.355,18.3,23.4,13.8,109.0,109.1,-0.2,97.03,0.531,0.571
2017-18,1610612750,Minnesota Timberwolves,82,47,35,109.5,41.0,86.1,0.476,8.0,22.5,0.357,19.4,24.1,12.5,112.5,110.2,2.3,96.75,0.523,0.566
2017-18,1610612740,New Orleans Pelicans,82,48,34,111.7,42.7,88.3,0.483,10.2,28.2,0.362,16.1,20.9,14.9,108.5,107.4,1.1,101.48,0.541,0.573
2017-18,1610612752,New York Knicks,82,29,53,104.5,40.7,87.7,0.464,8.2,23.3,0.352,14.9,19.0,14.7,106.3,109.7,-3.4,97.64,0.51,0.544
2017-18,1610612760,Oklahoma City Thunder,82,48,34,107.9,39.9,88.1,0.453,10.7,30.4,0.354,17.3,24.2,14.0,110.1,106.4,3.7,97.34,0.514,0.546
2017-18,1610612753,Orlando Magic,82,25,57,103.4,38.8,85.9,0.452,10.3,29.3,0.351,15.5,20.5,14.5,104.7,109.4,-4.7,98.58,0.512,0.545
2017-18,1610612755,Philadelphia 76ers,82,52,30,109.8,40.8,86.6,0.472,11.0,29.8,0.369,17.1,22.8,16.5,108.5,103.9,4.6,100.75,0.535,0.568
2017-18,1610612756,Phoenix Suns,82,21,61,103.9,38.5,87.1,0.442,9.3,27.9,0.334,17.7,23.9,15.7,102.8,111.7,-9.0,101.14,0.495,0.532
2017-18,1610612757,Portland Trail Blazers,82,49,33,105.6,39.3,87.0,0.452,10.3,28.1,0.366,16.7,20.9,13.5,108.4,105.7,2.7,97.11,0.511,0.549
2017-18,1610612758,Sacramento Kings,82,27,55,98.8,38.8,86.1,0.45,9.0,24.0,0.375,12.3,16.7,13.7,103.1,110.4,-7.3,95.5,0.502,0.529
2017-18,1610612759,San Antonio Spurs,82,47,35,102.7,39.0,85.4,0.457,8.5,24.1,0.352,16.1,20.9,13.1,107.1,104.1,3.0,95.7,0.507,0.543
2017-18,1610612761,Toronto Raptors,82,59,23,111.7,41.3,87.4,0.472,11.8,33.0,0.358,17.3,21.8,13.4,113.0,105.3,7.7,98.02,0.539,0.575
2017-18,1610612762,Utah Jazz,82,48,34,104.1,38.3,82.9,0.462,10.8,29.6,0.366,16.8,21.5,14.7,107.4,103.0,4.4,96.58,0.527,0.564
2017-18,1610612764,Washington Wizards,82,43,39,106.6,39.9,85.6,0.467,9.9,26.5,0.375,16.8,21.8,14.6,108.1,107.7,0.4,97.67,0.525,0.56
2018-19,1610612737,Atlanta Hawks,82,29,53,113.3,41.4,91.8,0.451,13.0,37.0,0.352,17.6,23.4,17.0,107.5,113.1,-5.5,104.56,0.522,0.555
2018-19,1610612738,Boston Celtics,82,49,33,112.4,42.1,90.5,0.465,12.6,34.5,0.365,15.6,19.5,12.8,111.3,107.0,4.3,100.43,0.534,0.567
2018-19,1610612751,Brooklyn Nets,82,42,40,112.2,40.3,89.7,0.449,12.8,36.2,0.353,19.0,25.5,15.1,108.9,109.0,-0.1,101.52,0.52,0.556
2018-19,1610612766,Charlotte Hornets,82,39,43,110.7,40.2,89.8,0.448,11.9,33.9,0.351,18.4,23.1,12.2,110.7,112.0,-1.3,99.18,0.514,0.554
2018-19,1610612741,Chicago Bulls,82,22,60,104.9,39.8,87.9,0.453,9.1,25.9,0.351,16.2,20.7,14.1,104.5,112.8,-8.3,99.3,0.505,0.541
2018-19,1610612739,Cleveland Cavaliers,82,19,63,104.5,38.9,87.6,0.444,10.3,29.1,0.355,16.4,20.7,13.5,106.8,116.8,-10.0,97.37,0.503,0.54
2018-19,1610612742,Dallas Mavericks,82,33,49,108.9,38.8,86.9,0.447,12.5,36.6,0.34,18.8,25.3,14.2,108.7,110.1,-1.5,99.6,0.519,0.555
2018-19,1610612743,Denver Nuggets,82,54,28,110.7,41.9,90.0,0.466,11.0,31.4,0.351,15.8,20.9,13.4,112.1,108.1,4.0,98.49,0.527,0.558
2018-19,1610612765,Detroit Pistons,82,41,41,107.0,38.8,88.3,0.44,12.1,34.8,0.348,17.3,23.1,13.8,108.4,108.7,-0.3,97.88,0.509,0.544
2018-19,1610612744,Golden State Warriors,82,57,25,117.7,44.0,89.8,0.491,13.3,34.4,0.385,16.3,20.4,14.3,115.0,108.6,6.5,101.74,0.565,0.596
2018-19,1610612745,Houston Rockets,82,53,29,113.9,39.2,87.4,0.449,16.1,45.4,0.356,19.3,24.4,13.3,114.9,110.1,4.8,98.39,0.542,0.581
2018-19,1610612754,Indiana Pacers,82,48,34,108.0,41.3,87.0,0.475,9.5,25.4,0.374,15.8,21.1,13.7,109.4,106.0,3.4,98.64,0.53,0.561
2018-19,1610612746,LA Clippers,82,48,34,115.1,41.3,87.5,0.471,10.0,25.8,0.388,22.6,28.5,14.5,111.4,110.4,1.0,102.66,0.529,0.575
2018-19,1610612747,Los Angeles Lakers,82,37,45,111.8,42.6,90.5,0.47,10.3,31.0,0.333,16.3,23.3,15.7,107.4,108.9,-1.6,103.6,0.527,0.554
2018-19,1610612763,Memphis Grizzlies,82,33,49,103.5,38.0,84.4,0.45,9.9,28.9,0.342,17.7,23.0,14.0,105.6,108.0,-2.4,97.15,0.508,0.548
2018-19,1610612748,Miami Heat,82,39,43,105.7,39.6,88.0,0.45,11.3,32.4,0.349,15.1,21.7,14.7,106.7,107.1,-0.4,98.73,0.515,0.542
2018-19,1610612749,Milwaukee Bucks,82,60,22,118.1,43.4,91.1,0.476,13.5,38.2,0.353,17.9,23.2,13.9,113.5,104.9,8.6,103.57,0.55,0.583
2018-19,1610612750,Minnesota Timberwolves,82,36,46,112.5,41.6,91.3,0.456,10.1,28.7,0.351,19.1,24.3,13.1,110.6,112.2,-1.6,100.88,0.511,0.552
2018-19,1610612740,New Orleans Pelicans,82,33,49,115.4,43.7,92.2,0.473,10.3,29.9,0.344,17.8,23.4,14.8,110.7,112.0,-1.3,103.89,0.529,0.563
2018-19,1610612752,New York Knicks,82,17,65,104.6,38.2,88.3,0.433,10.0,29.5,0.34,18.1,23.9,14.0,104.0,112.9,-8.9,100.16,0.49,0.529
2018-19,1610612760,Oklahoma City Thunder,82,49,33,114.5,42.6,94.0,0.454,11.4,32.6,0.348,17.8,25.0,14.0,109.8,106.5,3.4,103.38,0.514,0.545
2018-19,1610612753,Orlando Magic,82,42,40,107.3,40.4,89.1,0.454,11.4,32.1,0.356,15.0,19.2,13.2,108.2,107.6,0.6,98.65,0.518,0.55
2018-19,1610612755,Philadelphia 76ers,82,51,31,115.2,41.5,88.2,0.471,10.8,30.2,0.359,21.2,27.5,14.9,111.6,109.0,2.6,102.59,0.532,0.574
2018-19,1610612756,Phoenix Suns,82,19,63,107.5,40.1,87.4,0.459,9.6,29.3,0.329,17.6,22.7,15.6,105.3,114.2,-8.9,101.15,0.514,0.552
2018-19,1610612757,Portland Trail Blazers,82,53,29,114.7,42.3,90.6,0.467,11.0,30.7,0.359,19.0,23.3,13.8,113.7,109.5,4.2,99.96,0.528,0.568
2018-19,1610612758,Sacramento Kings,82,39,43,114.2,43.2,93.1,0.464,11.3,29.9,0.378,16.5,22.7,13.4,109.6,110.8,-1.2,103.88,0.524,0.554
2018-19,1610612759,San Antonio Spurs,82,48,34,111.7,42.3,88.4,0.478,9.9,25.3,0.392,17.2,21.0,12.1,112.2,110.6,1.6,98.88,0.534,0.572
2018-19,1610612761,Toronto Raptors,82,58,24,114.4,42.2,89.1,0.474,12.4,33.8,0.366,17.7,22.0,14.0,112.6,106.8,5.8,100.51,0.543,0.579
2018-19,1610612762,Utah Jazz,82,50,32,111.7,40.4,86.4,0.468,12.1,34.0,0.356,18.8,25.5,15.1,110.3,105.3,5.0,100.84,0.538,0.572
2018-19,1610612764,Washington Wizards,82,32,50,114.0,42.1,90.1,0.468,11.3,33.3,0.341,18.4,23.9,14.1,110.2,112.9,-2.7,102.23,0.531,0.567
2019-20,1610612737,Atlanta Hawks,67,20,47,111.8,40.6,90.6,0.449,12.0,36.1,0.333,18.5,23.4,16.2,107.0,114.4,-7.4,103.28,0.515,0.554
2019-20,1610612738,Boston Celtics,72,48,24,113.7,41.3,89.6,0.461,12.6,34.5,0.364,18.6,23.2,13.8,112.8,106.5,6.3,99.92,0.531,0.57
2019-20,1610612751,Brooklyn Nets,72,35,37,111.8,40.4,90.3,0.448,13.1,38.1,0.343,17.9,24.1,15.3,108.7,109.2,-0.5,101.7,0.52,0.554
2019-20,1610612766,Charlotte Hornets,65,23,42,102.9,37.3,85.9,0.434,12.1,34.3,0.352,16.2,21.6,14.6,105.9,112.8,-7.0,96.24,0.504,0.539
2019-20,1610612741,Chicago Bulls,65,22,43,106.8,39.6,88.6,0.447,12.2,35.1,0.348,15.5,20.5,15.5,105.8,108.9,-3.1,100.46,0.515,0.547
2019-20,1610612739,Cleveland Cavaliers,65,19,46,106.9,40.3,87.9,0.458,11.2,31.8,0.351,15.1,19.9,16.5,106.9,114.8,-7.9,99.17,0.522,0.553
2019-20,1610612742,Dallas Mavericks,75,43,32,117.0,41.7,90.3,0.461,15.1,41.3,0.367,18.6,23.8,12.7,115.9,111.2,4.8,99.89,0.545,0.581
2019-20,1610612743,Denver Nuggets,73,46,27,111.3,42.0,88.9,0.473,11.0,30.6,0.359,16.2,20.9,13.8,112.6,110.4,2.2,97.64,0.535,0.567
2019-20,1610612765,Detroit Pistons,66,20,46,107.2,39.3,85.7,0.459,12.0,32.7,0.367,16.6,22.4,15.3,108.8,112.3,-3.5,97.86,0.529,0.561
2019-20,1610612744,Golden State Warriors,65,15,50,106.3,38.6,88.2,0.438,10.4,31.3,0.334,18.7,23.2,14.9,104.4,113.0,-8.6,101.04,0.497,0.54
2019-20,1610612745,Houston Rockets,72,44,28,117.8,40.8,90.4,0.451,15.6,45.3,0.345,20.6,26.1,14.7,112.5,109.8,2.7,104.04,0.537,0.578
2019-20,1610612754,Indiana Pacers,73,45,28,109.4,42.1,88.5,0.476,10.2,28.0,0.363,15.0,19.1,13.2,109.5,107.5,1.9,99.41,0.534,0.565
2019-20,1610612746,LA Clippers,72,49,23,116.3,41.6,89.2,0.466,12.4,33.5,0.371,20.8,26.3,14.6,113.3,106.9,6.3,102.16,0.535,0.577
2019-20,1610612747,Los Angeles Lakers,71,52,19,113.4,42.3,88.3,0.48,11.0,31.6,0.349,17.7,24.3,15.2,111.7,106.1,5.6,101.2,0.542,0.573
2019-20,1610612763,Memphis Grizzlies,73,34,39,112.6,42.5,90.9,0.468,10.9,31.5,0.347,16.6,21.8,15.2,108.7,109.7,-1.0,103.31,0.528,0.561
2019-20,1610612748,Miami Heat,73,44,29,112.0,39.5,84.4,0.468,13.4,35.4,0.379,19.7,25.2,14.9,111.9,109.3,2.7,98.7,0.547,0.587
2019-20,1610612749,Milwaukee Bucks,73,56,17,118.7,43.3,90.9,0.476,13.8,38.9,0.355,18.3,24.7,15.1,111.9,102.5,9.4,105.51,0.552,0.583
2019-20,1610612750,Minnesota Timberwolves,64,19,45,113.3,40.4,91.6,0.441,13.3,39.7,0.336,19.1,25.4,15.3,107.6,111.6,-4.0,103.94,0.514,0.551
2019-20,1610612740,New Orleans Pelicans,72,30,42,115.8,42.6,91.6,0.465,13.6,36.9,0.37,17.1,23.4,16.4,110.5,111.8,-1.3,103.89,0.539,0.568
2019-20,1610612752,New York Knicks,66,21,45,105.8,40.0,89.3,0.447,9.6,28.4,0.337,16.3,23.5,14.3,105.9,112.4,-6.5,99.11,0.501,0.531
2019-20,1610612760,Oklahoma City Thunder,72,44,28,110.4,40.0,85.5,0.468,10.7,30.2,0.355,19.8,24.8,13.7,110.1,108.1,2.1,99.42,0.53,0.573
2019-20,1610612753,Orlando Magic,73,33,40,107.3,39.3,88.6,0.444,11.1,32.2,0.343,17.6,22.7,12.8,107.9,109.2,-1.3,98.99,0.506,0.544
2019-20,1610612755,Philadelphia 76ers,73,43,30,110.7,41.1,87.9,0.468,11.6,31.6,0.368,16.9,22.4,14.2,110.7,108.4,2.3,99.59,0.534,0.566
2019-20,1610612756,Phoenix Suns,73,34,39,113.6,41.2,88.1,0.468,11.4,31.8,0.358,19.9,23.8,14.8,111.3,110.8,0.5,101.74,0.532,0.576
2019-20,1610612757,Portland Trail Blazers,74,35,39,115.0,42.2,91.2,0.463,12.9,34.1,0.377,17.7,22.1,12.8,113.2,114.3,-1.1,101.17,0.533,0.57
2019-20,1610612758,Sacramento Kings,72,31,41,110.1,40.9,88.4,0.462,12.7,34.9,0.364,15.7,20.3,14.5,109.5,111.4,-1.9,99.6,0.534,0.566
2019-20,1610612759,San Antonio Spurs,71,32,39,114.1,42.2,89.4,0.472,10.7,28.5,0.376,19.0,23.4,12.6,111.7,112.6,-0.9,101.14,0.531,0.572
2019-20,1610612761,Toronto Raptors,72,53,19,112.8,40.2,87.9,0.458,13.8,37.0,0.374,18.5,23.2,14.8,110.8,104.7,6.1,101.19,0.536,0.574
2019-20,1610612762,Utah Jazz,72,44,28,111.3,40.1,85.1,0.471,13.4,35.2,0.38,17.8,22.8,15.1,111.8,109.3,2.5,99.15,0.549,0.585
2019-20,1610612764,Washington Wizards,72,25,47,114.4,41.5,90.9,0.457,12.0,32.6,0.368,19.4,24.6,14.2,110.2,114.7,-4.5,103.38,0.523,0.562
2020-21,1610612737,Atlanta Hawks,72,41,31,113.7,40.8,87.2,0.468,12.4,33.4,0.373,19.7,24.2,13.2,114.3,112.1,2.2,98.68,0.539,0.581
2020-21,1610612738,Boston Celtics,72,36,36,112.6,41.5,88.9,0.466,13.6,36.4,0.374,16.1,20.8,14.1,113.1,111.8,1.2,98.94,0.543,0.574
2020-21,1610612751,Brooklyn Nets,72,48,24,118.6,43.1,87.3,0.494,14.2,36.1,0.392,18.1,22.5,13.5,117.3,113.1,4.2,100.27,0.575,0.61
2020-21,1610612766,Charlotte Hornets,72,33,39,109.5,39.9,87.8,0.455,13.7,37.0,0.369,15.9,20.9,14.8,110.1,112.0,-1.9,99.0,0.532,0.564
2020-21,1610612741,Chicago Bulls,72,31,41,110.7,42.2,88.6,0.476,12.6,34.0,0.37,13.8,17.5,15.1,110.4,111.5,-1.1,99.58,0.547,0.575
2020-21,1610612739,Cleveland Cavaliers,72,22,50,103.8,38.6,85.8,0.45,10.0,29.7,0.336,16.7,22.4,15.5,105.2,113.5,-8.3,97.96,0.508,0.543
2020-21,1610612742,Dallas Mavericks,72,42,30,112.4,41.1,87.3,0.47,13.8,38.1,0.362,16.5,21.2,12.1,114.6,112.3,2.3,97.94,0.55,0.582
2020-21,1610612743,Denver Nuggets,72,47,25,115.1,43.3,89.2,0.485,12.9,34.2,0.377,15.7,19.5,13.5,116.3,111.5,4.8,97.74,0.557,0.588
2020-21,1610612765,Detroit Pistons,72,20,52,106.6,38.7,85.6,0.452,11.6,32.9,0.351,17.8,23.4,14.9,107.6,112.2,-4.5,98.19,0.519,0.556
2020-21,1610612744,Golden State Warriors,72,39,33,113.7,41.3,88.2,0.468,14.6,38.7,0.376,16.6,21.1,15.0,110.5,109.4,1.1,102.81,0.551,0.583
2020-21,1610612745,Houston Rockets,72,17,55,108.8,39.3,88.5,0.444,13.8,40.6,0.339,16.5,22.3,14.7,107.0,114.4,-7.4,101.69,0.521,0.553
2020-21,1610612754,Indiana Pacers,72,34,38,115.3,43.3,91.2,0.474,12.3,34.0,0.364,16.4,20.7,13.5,111.9,111.9,0.1,102.05,0.542,0.575
2020-21,1610612746,LA Clippers,72,47,25,114.0,41.8,86.7,0.482,14.3,34.7,0.411,16.2,19.3,13.2,116.7,110.6,6.1,97.63,0.564,0.599
2020-21,1610612747,Los Angeles Lakers,72,42,30,109.5,40.6,86.1,0.472,11.1,31.2,0.354,17.2,23.3,15.2,109.8,106.8,2.9,98.85,0.536,0.569
2020-21,1610612763,Memphis Grizzlies,72,38,34,113.3,42.8,91.8,0.467,11.2,31.4,0.356,16.4,21.3,13.3,111.7,110.5,1.2,100.77,0.528,0.56
2020-21,1610612748,Miami Heat,72,40,32,108.1,39.2,83.7,0.468,12.9,36.2,0.358,16.7,21.1,14.1,110.6,110.7,-0.1,97.09,0.546,0.581
2020-21,1610612749,Milwaukee Bucks,72,46,26,120.1,44.7,91.8,0.487,14.4,37.1,0.389,16.2,21.4,13.8,116.5,110.7,5.8,102.85,0.566,0.593
2020-21,1610612750,Minnesota Timberwolves,72,23,49,112.1,40.7,90.9,0.448,13.1,37.6,0.349,17.6,23.1,14.3,109.3,114.5,-5.3,101.96,0.52,0.555
2020-21,1610612740,New Orleans Pelicans,72,31,41,114.6,42.5,89.1,0.477,10.6,30.4,0.348,19.0,26.1,14.6,113.0,113.3,-0.3,100.54,0.537,0.57
2020-21,1610612752,New York Knicks,72,41,31,107.0,39.4,86.5,0.456,11.8,30.0,0.392,16.4,20.9,12.9,110.2,107.8,2.4,96.32,0.524,0.559
2020-21,1610612760,Oklahoma City Thunder,72,22,50,105.0,38.8,88.0,0.441,11.9,35.1,0.339,15.5,21.3,16.1,102.8,113.4,-10.6,101.61,0.509,0.539
2020-21,1610612753,Orlando Magic,72,21,51,104.0,38.3,89.2,0.429,10.9,31.8,0.343,16.6,21.4,12.8,104.6,113.9,-9.3,99.17,0.49,0.527
2020-21,1610612755,Philadelphia 76ers,72,49,23,113.6,41.4,86.9,0.476,11.3,30.1,0.374,19.6,25.5,14.4,112.5,107.0,5.5,100.12,0.541,0.579
2020-21,1610612756,Phoenix Suns,72,51,21,115.3,43.3,88.3,0.49,13.1,34.6,0.378,15.6,18.7,12.5,116.3,110.4,5.9,98.0,0.564,0.597
2020-21,1610612757,Portland Trail Blazers,72,42,30,116.1,41.3,91.1,0.453,15.7,40.8,0.385,17.8,21.6,11.1,117.1,115.3,1.8,98.97,0.54,0.577
2020-21,1610612758,Sacramento Kings,72,31,41,113.7,42.6,88.6,0.481,12.1,33.3,0.364,16.4,22.0,13.4,112.7,116.5,-3.8,100.71,0.549,0.578
2020-21,1610612759,San Antonio Spurs,72,33,39,111.1,41.9,90.5,0.462,9.9,28.4,0.35,17.4,22.0,11.4,110.5,112.0,-1.5,99.45,0.517,0.554
2020-21,1610612761,Toronto Raptors,72,27,45,111.3,39.7,88.7,0.448,14.5,39.3,0.368,17.4,21.3,13.2,111.6,112.0,-0.4,99.57,0.529,0.567
2020-21,1610612762,Utah Jazz,72,52,20,116.4,41.3,88.1,0.468,16.7,43.0,0.389,17.2,21.5,14.2,116.5,107.5,9.0,99.37,0.563,0.597
2020-21,1610612764,Washington Wizards,72,34,38,116.6,43.2,90.9,0.475,10.2,29.0,0.351,20.1,26.2,14.4,110.7,112.3,-1.6,104.67,0.531,0.569
2021-22,1610612737,Atlanta Hawks,82,43,39,113.9,41.5,88.3,0.47,12.9,34.4,0.374,18.1,22.3,11.9,115.4,113.7,1.6,98.67,0.543,0.581
2021-22,1610612738,Boston Celtics,82,51,31,111.8,40.7,87.4,0.466,13.2,37.1,0.356,17.0,20.9,13.6,113.6,106.2,7.4,97.26,0.542,0.578
2021-22,1610612751,Brooklyn Nets,82,44,38,112.9,42.0,88.4,0.475,11.5,31.7,0.361,17.5,21.7,14.1,113.2,112.3,0.9,99.4,0.54,0.576
2021-22,1610612766,Charlotte Hornets,82,43,39,115.3,42.8,91.4,0.468,13.9,38.2,0.365,15.8,21.4,13.3,113.6,113.1,0.5,100.52,0.544,0.572
2021-22,1610612741,Chicago Bulls,82,46,36,111.6,41.7,86.9,0.48,10.6,28.8,0.369,17.5,21.5,12.8,112.7,113.2,-0.5,98.76,0.541,0.579
2021-22,1610612739,Cleveland Cavaliers,82,44,38,107.8,39.7,84.6,0.469,11.6,32.8,0.355,16.8,22.1,14.4,111.0,108.9,2.1,96.83,0.538,0.571
2021-22,1610612742,Dallas Mavericks,82,52,30,108.0,39.3,85.1,0.461,13.1,37.4,0.35,16.4,21.2,12.5,112.5,109.1,3.5,95.64,0.538,0.572
2021-22,1610612743,Denver Nuggets,82,48,34,112.7,41.7,86.3,0.483,12.7,35.9,0.353,16.7,21.0,14.5,113.8,111.5,2.3,98.41,0.556,0.59
2021-22,1610612765,Detroit Pistons,82,23,59,104.8,38.2,88.6,0.431,11.3,34.6,0.326,17.2,22.0,14.2,105.6,113.3,-7.7,98.81,0.494,0.533
2021-22,1610612744,Golden State Warriors,82,53,29,111.0,40.5,86.4,0.469,14.3,39.4,0.364,15.6,20.3,14.9,112.1,106.6,5.5,98.74,0.552,0.582
2021-22,1610612745,Houston Rockets,82,20,62,109.7,39.4,86.4,0.456,13.5,38.7,0.349,17.5,24.5,16.5,108.1,116.4,-8.3,101.16,0.534,0.565
2021-22,1610612754,Indiana Pacers,82,25,57,111.5,41.4,89.5,0.463,12.2,35.4,0.344,16.4,21.4,14.4,111.9,115.5,-3.6,98.55,0.531,0.564
2021-22,1610612746,LA Clippers,82,42,40,108.4,40.1,87.4,0.458,12.8,34.2,0.374,15.5,19.6,13.7,109.5,109.5,0.0,98.51,0.531,0.564
2021-22,1610612747,Los Angeles Lakers,82,33,49,112.1,41.6,88.8,0.469,12.0,34.5,0.347,16.8,23.0,14.5,110.0,112.8,-2.9,100.47,0.537,0.567
2021-22,1610612763,Memphis Grizzlies,82,56,26,115.6,43.5,94.4,0.461,11.5,32.7,0.353,17.0,23.1,13.2,114.3,108.9,5.3,100.52,0.522,0.553
2021-22,1610612748,Miami Heat,82,53,29,110.0,39.6,84.8,0.467,13.6,35.8,0.379,17.3,21.4,14.6,113.0,108.4,4.5,96.53,0.547,0.584
2021-22,1610612749,Milwaukee Bucks,82,51,31,115.5,41.8,89.4,0.468,14.1,38.4,0.366,17.8,22.9,13.4,114.3,111.1,3.2,100.59,0.546,0.58
2021-22,1610612750,Minnesota Timberwolves,82,46,36,115.9,41.6,91.0,0.457,14.8,41.3,0.358,18.0,23.1,14.3,113.8,111.0,2.7,101.47,0.539,0.573
2021-22,1610612740,New Orleans Pelicans,82,36,46,109.3,40.2,88.0,0.457,10.6,32.1,0.332,18.3,23.2,14.1,111.2,112.0,-0.8,98.02,0.517,0.557
2021-22,1610612752,New York Knicks,82,37,45,106.5,37.7,86.2,0.437,13.2,36.9,0.357,18.0,24.1,13.3,109.7,110.2,-0.4,96.42,0.513,0.55
2021-22,1610612760,Oklahoma City Thunder,82,24,58,103.7,38.3,89.1,0.43,12.1,37.4,0.323,15.0,19.9,14.0,103.8,111.7,-8.0,99.39,0.497,0.53
2021-22,1610612753,Orlando Magic,82,22,60,104.2,38.3,88.3,0.434,12.2,36.9,0.331,15.5,19.7,14.5,103.9,112.1,-8.1,99.71,0.503,0.538
2021-22,1610612755,Philadelphia 76ers,82,51,31,109.9,39.4,84.5,0.466,11.6,31.8,0.364,19.6,23.8,12.5,113.0,110.2,2.8,96.71,0.534,0.578
2021-22,1610612756,Phoenix Suns,82,64,18,114.8,43.7,90.1,0.485,11.6,31.9,0.364,15.9,19.9,12.9,114.2,106.8,7.5,100.26,0.549,0.581
2021-22,1610612757,Portland Trail Blazers,82,27,55,106.2,38.5,87.1,0.442,12.7,36.8,0.346,16.4,21.6,14.5,107.3,116.3,-9.1,98.74,0.515,0.55
2021-22,1610612758,Sacramento Kings,82,30,52,110.3,40.5,88.1,0.46,11.4,33.2,0.344,17.9,23.3,14.1,109.6,114.8,-5.2,100.1,0.525,0.561
2021-22,1610612759,San Antonio Spurs,82,34,48,113.2,43.2,92.7,0.467,11.3,32.0,0.352,15.4,20.4,12.7,111.9,111.7,0.2,100.51,0.527,0.556
2021-22,1610612761,Toronto Raptors,82,48,34,109.4,40.6,91.3,0.445,11.9,34.2,0.349,16.2,21.3,12.5,112.1,109.9,2.2,96.63,0.51,0.543
2021-22,1610612762,Utah Jazz,82,49,33,113.6,40.6,86.2,0.471,14.5,40.3,0.36,17.9,23.4,14.0,116.2,110.0,6.2,97.5,0.555,0.589
2021-22,1610612764,Washington Wizards,82,35,47,108.6,40.6,86.0,0.472,10.5,30.6,0.342,17.0,21.7,13.1,110.2,113.6,-3.4,97.8,0.532,0.568
2022-23,1610612737,Atlanta Hawks,82,41,41,118.4,44.6,92.4,0.483,10.8,30.5,0.352,18.5,22.6,12.9,115.5,115.4,0.1,101.56,0.541,0.579
2022-23,1610612738,Boston Celtics,82,57,25,117.9,42.2,88.8,0.475,16.0,42.6,0.377,17.5,21.6,13.4,117.3,110.6,6.7,99.15,0.566,0.6
2022-23,1610612751,Brooklyn Nets,82,45,37,113.4,41.5,85.1,0.487,12.8,33.8,0.378,17.7,22.1,13.7,114.6,113.5,1.1,98.77,0.562,0.598
2022-23,1610612766,Charlotte Hornets,82,27,55,111.0,41.3,90.4,0.457,10.7,32.5,0.33,17.6,23.6,14.2,108.4,114.7,-6.3,101.47,0.516,0.551
2022-23,1610612741,Chicago Bulls,82,40,42,113.1,42.5,86.8,0.49,10.4,28.9,0.361,17.6,21.8,13.4,112.8,111.5,1.3,99.18,0.55,0.587
2022-23,1610612739,Cleveland Cavaliers,82,51,31,112.3,41.6,85.2,0.488,11.6,31.6,0.367,17.5,22.5,13.3,115.5,109.9,5.6,96.27,0.556,0.59
2022-23,1610612742,Dallas Mavericks,82,38,44,114.2,40.0,84.3,0.475,15.2,41.0,0.371,19.0,25.1,12.2,115.9,116.1,-0.2,97.21,0.565,0.599
2022-23,1610612743,Denver Nuggets,82,53,29,115.8,43.6,86.4,0.504,11.8,31.2,0.379,16.8,22.4,14.5,116.8,113.5,3.3,98.74,0.573,0.601
2022-23,1610612765,Detroit Pistons,82,17,65,110.3,39.6,87.1,0.454,11.4,32.4,0.351,19.8,25.7,15.1,109.9,117.8,-7.9,99.88,0.52,0.561
2022-23,1610612744,Golden State Warriors,82,44,38,118.9,43.1,90.2,0.479,16.6,43.2,0.385,16.0,20.2,16.3,115.1,113.4,1.7,102.54,0.571,0.6
2022-23,1610612745,Houston Rockets,82,22,60,110.7,40.6,88.9,0.457,10.4,31.9,0.327,19.1,25.3,16.2,110.5,118.6,-8.1,99.74,0.516,0.554
2022-23,1610612754,Indiana Pacers,82,35,47,116.3,42.0,89.6,0.469,13.6,37.0,0.367,18.7,23.7,14.9,113.8,117.1,-3.3,101.68,0.545,0.581
2022-23,1610612746,LA Clippers,82,44,38,113.6,41.1,86.1,0.477,12.7,33.3,0.381,18.7,23.9,14.2,114.0,113.6,0.5,98.84,0.551,0.588
2022-23,1610612747,Los Angeles Lakers,82,43,39,117.2,42.9,89.0,0.482,10.8,31.2,0.346,20.6,26.6,14.1,113.9,113.2,0.7,101.92,0.542,0.582
2022-23,1610612763,Memphis Grizzlies,82,51,31,116.9,43.7,92.1,0.475,12.0,34.2,0.351,17.5,23.8,13.6,114.7,110.7,4.0,101.5,0.54,0.57
2022-23,1610612748,Miami Heat,82,44,38,109.5,39.2,85.3,0.46,12.0,34.8,0.344,19.1,23.0,13.5,112.3,112.8,-0.5,96.76,0.53,0.574
2022-23,1610612749,Milwaukee Bucks,82,58,24,116.9,42.7,90.4,0.473,14.8,40.3,0.368,16.6,22.4,14.6,114.3,110.9,3.4,101.45,0.555,0.583
2022-23,1610612750,Minnesota Timberwolves,82,42,40,115.8,42.9,87.4,0.49,12.2,33.3,0.365,17.9,23.7,15.3,113.3,113.1,0.2,101.55,0.56,0.592
2022-23,1610612740,New Orleans Pelicans,82,42,40,114.4,42.0,87.6,0.48,11.0,30.1,0.364,19.3,24.4,14.6,113.8,112.0,1.9,99.58,0.543,0.582
2022-23,1610612752,New York Knicks,82,47,35,116.0,42.0,89.4,0.47,12.6,35.7,0.354,19.4,25.5,13.0,117.0,114.2,2.8,97.75,0.541,0.577
2022-23,1610612760,Oklahoma City Thunder,82,40,42,117.5,43.1,92.6,0.465,12.1,34.1,0.356,19.2,23.7,13.0,114.2,113.2,1.0,101.94,0.531,0.57
2022-23,1610612753,Orlando Magic,82,34,48,111.4,40.5,86.3,0.47,10.8,31.1,0.346,19.6,25.0,15.1,111.3,113.7,-2.3,99.66,0.532,0.573
2022-23,1610612755,Philadelphia 76ers,82,54,28,115.2,40.8,83.8,0.487,12.6,32.6,0.387,21.0,25.1,13.7,117.0,112.7,4.4,97.44,0.563,0.608
2022-23,1610612756,Phoenix Suns,82,45,37,113.6,42.1,90.1,0.467,12.2,32.6,0.374,17.2,21.7,13.5,114.5,112.3,2.2,98.83,0.535,0.57
2022-23,1610612757,Portland Trail Blazers,82,33,49,113.4,40.5,85.4,0.474,12.9,35.3,0.365,19.6,24.6,14.5,114.0,118.0,-4.0,99.25,0.549,0.589
2022-23,1610612758,Sacramento Kings,82,48,34,120.7,43.6,88.2,0.494,13.8,37.3,0.369,19.8,25.1,13.5,118.6,116.0,2.6,100.99,0.572,0.608
2022-23,1610612759,San Antonio Spurs,82,22,60,113.0,43.1,92.6,0.465,11.1,32.2,0.345,15.8,21.2,15.3,109.7,119.6,-9.9,102.07,0.525,0.554
2022-23,1610612761,Toronto Raptors,82,41,41,112.9,41.9,91.3,0.459,10.7,32.0,0.335,18.4,23.4,11.7,114.6,113.1,1.5,97.85,0.517,0.555
2022-23,1610612762,Utah Jazz,82,37,45,117.1,42.5,89.8,0.473,13.3,37.8,0.353,18.7,23.8,15.4,115.3,116.0,-0.7,101.02,0.547,0.584
2022-23,1610612764,Washington Wizards,82,35,47,113.2,42.1,86.9,0.485,11.3,31.7,0.356,17.6,22.4,14.1,113.7,114.9,-1.2,99.16,0.55,0.585
2023-24,1610612737,Atlanta Hawks,82,36,46,118.3,43.0,92.5,0.465,13.7,37.7,0.364,18.5,23.2,13.5,116.4,118.4,-2.0,100.84,0.539,0.576
2023-24,1610612738,Boston Celtics,82,64,18,120.6,43.9,90.2,0.487,16.5,42.5,0.388,16.3,20.2,11.9,122.2,110.6,11.7,97.98,0.578,0.609
2023-24,1610612751,Brooklyn Nets,82,32,50,110.4,40.7,89.1,0.456,13.3,36.7,0.362,15.8,20.9,13.1,112.4,115.4,-2.9,97.56,0.531,0.561
2023-24,1610612766,Charlotte Hornets,82,21,61,106.6,40.0,87.0,0.46,12.1,34.0,0.355,14.5,18.4,13.8,108.6,119.2,-10.6,97.81,0.529,0.56
2023-24,1610612741,Chicago Bulls,82,39,43,112.3,42.0,89.5,0.47,11.5,32.1,0.358,16.7,21.1,12.2,114.0,115.7,-1.7,96.94,0.534,0.568
2023-24,1610612739,Cleveland Cavaliers,82,48,34,112.6,41.8,87.2,0.479,13.5,36.8,0.367,15.6,20.4,13.6,114.7,112.1,2.5,97.62,0.557,0.586
2023-24,1610612742,Dallas Mavericks,82,50,32,117.9,43.1,89.7,0.481,14.6,39.5,0.369,17.0,22.5,12.5,117.0,114.9,2.1,100.6,0.562,0.592
2023-24,1610612743,Denver Nuggets,82,57,25,114.9,44.0,88.8,0.496,11.7,31.2,0.374,15.1,19.9,12.6,117.8,112.3,5.5,97.43,0.562,0.589
2023-24,1610612765,Detroit Pistons,82,14,68,109.9,40.9,88.2,0.463,11.0,31.7,0.348,17.0,21.7,15.2,109.0,118.0,-9.0,100.45,0.526,0.562
2023-24,1610612744,Golden State Warriors,82,46,36,117.8,43.7,91.6,0.477,14.8,38.9,0.38,15.6,20.0,14.3,116.9,114.5,2.4,99.91,0.557,0.586
2023-24,1610612745,Houston Rockets,82,41,41,114.3,41.8,91.0,0.459,12.7,36.1,0.352,18.1,23.4,12.7,113.7,112.8,0.9,99.59,0.529,0.565
2023-24,1610612754,Indiana Pacers,82,47,35,123.3,47.0,92.7,0.507,13.2,35.3,0.374,16.1,20.5,12.9,120.5,117.6,2.9,102.16,0.578,0.606
2023-24,1610612746,LA Clippers,82,51,31,115.6,42.4,86.7,0.489,12.6,33.2,0.381,18.3,22.2,13.1,117.9,114.6,3.4,97.93,0.561,0.599
2023-24,1610612747,Los Angeles Lakers,82,47,35,118.0,43.7,87.5,0.499,11.8,31.4,0.377,18.9,24.2,14.0,115.4,114.8,0.6,101.38,0.566,0.601
2023-24,1610612763,Memphis Grizzlies,82,27,55,105.8,38.4,88.2,0.435,13.1,37.8,0.346,16.0,21.0,15.1,106.8,113.7,-6.9,98.68,0.509,0.543
2023-24,1610612748,Miami Heat,82,46,36,110.1,39.8,85.6,0.465,12.5,33.7,0.37,18.0,22.0,12.7,113.3,111.5,1.8,96.88,0.538,0.578
2023-24,1610612749,Milwaukee Bucks,82,49,33,119.0,43.1,88.5,0.487,14.2,38.1,0.373,18.5,23.9,12.9,117.6,115.0,2.6,100.51,0.568,0.601
2023-24,1610612750,Minnesota Timberwolves,82,56,26,113.0,41.3,85.0,0.485,12.6,32.7,0.387,17.8,22.9,14.2,114.6,108.4,6.3,97.79,0.559,0.594
2023-24,1610612740,New Orleans Pelicans,82,49,33,115.1,42.5,87.4,0.486,12.5,32.6,0.383,17.6,22.8,13.0,116.5,111.9,4.6,98.7,0.558,0.591
2023-24,1610612752,New York Knicks,82,50,32,112.8,41.3,88.7,0.465,13.2,35.8,0.369,17.0,21.8,13.2,117.3,112.4,4.9,95.96,0.54,0.574
2023-24,1610612760,Oklahoma City Thunder,82,57,25,120.1,44.5,89.3,0.499,13.3,34.2,0.389,17.7,21.5,12.7,118.3,111.0,7.3,100.85,0.573,0.608
2023-24,1610612753,Orlando Magic,82,47,35,110.5,40.5,84.9,0.476,11.0,31.3,0.352,18.5,24.4,14.7,112.9,110.8,2.2,97.37,0.541,0.577
2023-24,1610612755,Philadelphia 76ers,82,47,35,114.6,41.5,89.4,0.464,12.1,33.3,0.363,19.5,23.6,12.0,116.2,113.0,3.1,98.17,0.532,0.574
2023-24,1610612756,Phoenix Suns,82,49,33,116.2,42.5,86.1,0.493,12.4,32.6,0.382,18.9,23.4,14.9,116.8,113.7,3.1,99.0,0.565,0.603
2023-24,1610612757,Portland Trail Blazers,82,21,61,106.4,39.4,89.7,0.439,11.5,33.2,0.345,16.2,20.5,15.2,107.6,116.6,-9.0,97.88,0.503,0.539
2023-24,1610612758,Sacramento Kings,82,46,36,116.6,43.3,90.9,0.477,14.4,39.3,0.366,15.5,20.9,13.1,116.2,114.4,1.8,99.46,0.556,0.582
2023-24,1610612759,San Antonio Spurs,82,22,60,112.1,41.9,90.7,0.462,12.6,36.4,0.347,15.6,20.0,15.1,109.3,115.6,-6.4,101.8,0.532,0.563
2023-24,1610612761,Toronto Raptors,82,25,57,112.4,42.3,89.7,0.471,11.5,33.1,0.347,16.3,21.6,14.0,111.8,118.1,-6.3,99.91,0.535,0.566
2023-24,1610612762,Utah Jazz,82,31,51,115.7,42.0,89.9,0.467,12.9,36.5,0.354,18.8,22.6,15.7,114.5,119.6,-5.1,100.26,0.539,0.579
2023-24,1610612764,Washington Wizards,82,15,67,113.7,43.0,91.4,0.47,12.4,35.5,0.348,15.4,20.2,14.0,110.2,118.9,-8.7,103.07,0.538,0.567
2024-25,1610612737,Atlanta Hawks,82,40,42,118.2,43.4,91.8,0.472,13.5,37.7,0.358,18.0,23.2,15.5,113.7,114.8,-1.1,103.41,0.546,0.579
2024-25,1610612738,Boston Celtics,82,61,21,116.3,41.6,90.0,0.462,17.8,48.2,0.368,15.3,19.1,11.9,119.5,110.1,9.4,96.59,0.561,0.591
2024-25,1610612751,Brooklyn Nets,82,26,56,105.1,37.6,86.1,0.437,13.6,39.4,0.344,16.3,20.7,15.2,108.1,115.4,-7.3,96.73,0.516,0.552
2024-25,1610612766,Charlotte Hornets,82,19,63,105.1,38.3,89.1,0.43,13.0,38.3,0.339,15.5,19.8,15.5,106.7,115.7,-9.1,98.22,0.503,0.537
2024-25,1610612741,Chicago Bulls,82,39,43,117.8,43.2,92.0,0.47,15.4,42.0,0.367,16.0,19.7,14.7,113.2,114.8,-1.6,103.61,0.553,0.585
2024-25,1610612739,Cleveland Cavaliers,82,64,18,121.9,44.5,90.8,0.491,15.9,41.5,0.383,17.0,21.9,13.2,121.0,111.8,9.2,100.31,0.578,0.607
2024-25,1610612742,Dallas Mavericks,82,39,43,114.2,42.0,87.7,0.479,12.4,34.2,0.364,17.8,23.1,14.0,113.7,115.0,-1.3,100.15,0.549,0.583
2024-25,1610612743,Denver Nuggets,82,50,32,120.8,45.4,89.8,0.506,12.0,31.9,0.376,17.9,23.3,14.3,118.9,115.1,3.8,100.67,0.573,0.604
2024-25,1610612765,Detroit Pistons,82,44,38,115.5,42.7,89.8,0.476,12.8,35.4,0.362,17.2,22.3,14.9,114.6,112.5,2.1,100.27,0.547,0.58
2024-25,1610612744,Golden State Warriors,82,48,34,113.8,40.8,90.4,0.451,15.4,42.4,0.364,16.9,22.1,14.0,114.2,111.0,3.2,99.37,0.536,0.568
2024-25,1610612745,Houston Rockets,82,52,30,114.3,42.5,93.4,0.455,12.7,35.8,0.353,16.7,22.6,13.9,114.9,110.3,4.6,99.03,0.523,0.553
2024-25,1610612754,Indiana Pacers,82,50,32,117.4,43.6,89.3,0.488,13.2,35.8,0.368,17.0,21.6,13.2,115.4,113.3,2.1,100.76,0.562,0.594
2024-25,1610612746,LA Clippers,82,50,32,112.9,41.6,86.3,0.482,12.5,33.4,0.373,17.3,21.7,14.9,114.3,109.4,4.9,98.24,0.554,0.589
2024-25,1610612747,Los Angeles Lakers,82,50,32,113.4,40.9,85.5,0.479,13.3,36.4,0.366,18.2,23.2,14.0,115.0,113.8,1.2,98.34,0.557,0.593
2024-25,1610612763,Memphis Grizzlies,82,48,34,121.7,44.8,93.3,0.479,13.9,37.9,0.367,18.3,23.3,15.7,117.2,112.6,4.7,103.69,0.554,0.588
2024-25,1610612748,Miami Heat,82,37,45,110.6,40.5,87.0,0.465,13.7,37.3,0.367,16.0,20.2,13.6,112.4,112.0,0.4,97.08,0.544,0.576
2024-25,1610612749,Milwaukee Bucks,82,48,34,115.5,42.0,86.4,0.486,14.2,36.6,0.387,17.3,23.1,13.4,115.1,112.7,2.4,99.92,0.568,0.598
2024-25,1610612750,Minnesota Timberwolves,82,49,33,114.3,41.0,87.6,0.468,15.0,39.9,0.377,17.2,21.8,14.5,115.7,110.8,5.0,97.95,0.554,0.588
2024-25,1610612740,New Orleans Pelicans,82,21,61,109.8,40.6,89.9,0.452,12.0,34.6,0.347,16.5,21.9,14.6,109.7,119.1,-9.4,99.77,0.519,0.552
2024-25,1610612752,New York Knicks,82,51,31,115.8,43.3,89.2,0.486,12.6,34.1,0.369,16.5,20.7,13.3,117.3,113.3,4.0,97.64,0.556,0.589
2024-25,1610612760,Oklahoma City Thunder,82,68,14,120.5,44.6,92.7,0.482,14.5,38.8,0.374,16.7,20.4,11.7,119.2,106.6,12.7,100.9,0.56,0.593
2024-25,1610612753,Orlando Magic,82,41,41,105.4,38.2,85.8,0.445,11.2,35.3,0.318,17.9,23.0,14.2,108.9,109.1,-0.2,96.51,0.51,0.55
2024-25,1610612755,Philadelphia 76ers,82,24,58,109.6,39.7,87.4,0.454,12.7,37.2,0.341,17.5,22.5,13.6,111.0,117.3,-6.3,98.13,0.527,0.563
2024-25,1610612756,Phoenix Suns,82,36,46,113.6,41.2,86.3,0.478,14.3,38.0,0.378,16.8,20.8,14.1,114.7,117.7,-3.0,98.31,0.561,0.595
2024-25,1610612757,Portland Trail Blazers,82,36,46,110.9,40.5,90.2,0.45,12.9,37.7,0.342,16.9,22.2,16.0,111.0,113.7,-2.7,99.51,0.521,0.555
2024-25,1610612758,Sacramento Kings,82,40,42,115.7,43.0,90.1,0.478,12.6,35.2,0.357,17.1,21.2,13.3,115.9,115.3,0.6,98.91,0.548,0.582
2024-25,1610612759,San Antonio Spurs,82,34,48,113.9,41.8,89.8,0.465,14.1,39.6,0.357,16.2,21.0,13.9,113.5,116.3,-2.8,100.08,0.544,0.575
2024-25,1610612761,Toronto Raptors,82,30,52,110.9,41.6,91.0,0.458,11.8,34.0,0.348,15.8,21.1,15.3,109.6,113.6,-4.1,100.62,0.522,0.553
2024-25,1610612762,Utah Jazz,82,17,65,111.9,40.3,88.7,0.454,14.0,39.8,0.35,17.3,22.4,17.2,110.2,119.4,-9.2,100.85,0.533,0.568
2024-25,1610612764,Washington Wizards,82,18,64,108.0,39.4,89.9,0.439,13.1,39.1,0.335,16.0,20.6,15.6,105.8,118.0,-12.2,101.82,0.512,0.546
